-- phpMyAdmin SQL Dump
-- version 5.2.1
-- https://www.phpmyadmin.net/
--
-- Hôte : 127.0.0.1
-- Généré le : dim. 12 avr. 2026 à 15:54
-- Version du serveur : 10.4.32-MariaDB
-- Version de PHP : 8.2.12

SET SQL_MODE = "NO_AUTO_VALUE_ON_ZERO";
START TRANSACTION;
SET time_zone = "+00:00";


/*!40101 SET @OLD_CHARACTER_SET_CLIENT=@@CHARACTER_SET_CLIENT */;
/*!40101 SET @OLD_CHARACTER_SET_RESULTS=@@CHARACTER_SET_RESULTS */;
/*!40101 SET @OLD_COLLATION_CONNECTION=@@COLLATION_CONNECTION */;
/*!40101 SET NAMES utf8mb4 */;

--
-- Base de données : `centre_formations`
--

-- --------------------------------------------------------

--
-- Structure de la table `apprenant`
--

CREATE TABLE `apprenant` (
  `id_apprenant` int(20) NOT NULL,
  `prenom` varchar(50) NOT NULL,
  `nom` varchar(100) NOT NULL,
  `email` varchar(70) NOT NULL,
  `telephone` varchar(20) NOT NULL,
  `info_complementaires` varchar(300) DEFAULT NULL
) ENGINE=InnoDB DEFAULT CHARSET=utf8mb4 COLLATE=utf8mb4_general_ci;

--
-- Déchargement des données de la table `apprenant`
--

INSERT INTO `apprenant` (`id_apprenant`, `prenom`, `nom`, `email`, `telephone`, `info_complementaires`) VALUES
(1, 'Camille', 'Dupont', 'camille.dupont@gmail.com', '0601020304', ''),
(2, 'Nina ', 'Kowalski', 'nina.kowalski@gmail.com', '0601020305', 'Allergie aux fruits à coques'),
(3, 'Noah ', 'Diallo', 'noahdiallo@outlook.com', ' 0601020345', 'Logement campus'),
(4, 'Sarah', 'Nasplezes', 'snasplezes@outlook.com', ' 0601020308 ', ''),
(5, 'Amina', 'Haddad', 'amina_haddad@yahoo.fr', '0601020309', NULL),
(6, 'June', 'Pascal', 'june_pascal@icloud.com', '0601020318', NULL),
(7, 'Clara', 'Nguyen', 'clara.nguyen@protonmail.com', '0601020319', NULL),
(8, 'Tom', 'Gibily', 'tom.gibily@outlook.com', '0601020328', NULL),
(9, 'Soraya', 'Bensaid', 'soraya.bensaid@icloud.com', '0601020329', NULL),
(10, 'Yanis', 'Toumi', 'yanist@protonmail.com', '0601020312', NULL),
(11, 'David', 'Léva', 'david.leva@aol.com', '0601020314', NULL),
(12, 'Chloé', 'Moreau', 'c.moreau@icloud.com', '0601020310', NULL),
(13, 'Victor', 'Mendy', 'v.mendy@yahoo.fr', '0601020323', NULL),
(14, 'Samuel', 'Okafor', 'sam.okafor@hotmail.com', '0601020321', NULL),
(15, 'Lucia', 'Herrera', 'lucia_herrera@hotmail.com', '0601020333', NULL),
(16, 'Julien', 'Rousseau', 'j.rousseau@yahoo.fr', '0601020330', NULL),
(17, 'Jessica', 'Smith', 'jessica.smith@aol.com', '0601020335', NULL),
(18, 'Diego', 'Rojas', 'diego_rojas@aol.com', '0601020325', NULL),
(19, 'Hélène', 'Robert', 'helene.r@live.com', '0601020320', NULL),
(20, 'Sofia', 'Fernandes', 'sofia.fernandes@live.com', '0601020311', NULL),
(21, 'Alexei', 'Ivanov', 'a.ivanov@hotmail.com', '0601020313', NULL),
(22, 'Diane', 'Perrier', 'dianeperrier@outlook.com', '0601020322', NULL),
(23, 'Élise', 'Charpentier', 'elise.c@outlook.com', '0601020334', NULL),
(24, 'Adam', 'Król', 'adam.krol@protonmail.com', '0601020332', NULL),
(25, 'Romain', 'Faure', 'romain.faure@icloud.com', '0601020324', NULL),
(26, 'Ivana', 'Horvat', 'ivana.horvat@icloud.com', '0601020336', NULL),
(27, 'Patrick', 'Mensah', 'p.mensah@outlook.com', '0601020316', NULL),
(28, 'Chen', 'Wei', 'chen.wei@protonmail.com', '0601020326', NULL),
(29, 'Loïc', 'Dubois', 'loicdubois@yahoo.fr', '0601020315', NULL),
(30, 'Hugo', 'Schmitt', 'hschmitt@live.com', '0601020331', NULL);

-- --------------------------------------------------------

--
-- Structure de la table `avis`
--

CREATE TABLE `avis` (
  `id_avis` int(20) NOT NULL,
  `contenu` varchar(300) NOT NULL,
  `id_formation` int(20) NOT NULL,
  `id_apprenant` int(20) NOT NULL
) ENGINE=InnoDB DEFAULT CHARSET=utf8mb4 COLLATE=utf8mb4_general_ci;

--
-- Déchargement des données de la table `avis`
--

INSERT INTO `avis` (`id_avis`, `contenu`, `id_formation`, `id_apprenant`) VALUES
(1, 'Formation très complète et profs au top ! ', 1, 1),
(2, 'Des cours très diversifiés, et un apprentissage de qualité.', 2, 2),
(3, 'Centre sérieux, bon équilibre entre théorie et pratique.', 3, 3),
(4, 'Très bonne formation d’acting, le jeu face caméra et l’impro m’ont fait gagner en confiance.', 1, 4),
(5, 'Les cours de réalisation sont concrets et clairs, surtout le cadrage et le montage narratif.', 2, 6),
(6, 'Excellente formation en scénarisation, les personnages et les dialogues sont très bien travaillés.', 3, 8),
(7, 'Les formateurs sont pros et pédagogues, l’exploration des émotions est vraiment enrichissante.', 1, 20),
(8, 'J’ai adoré la partie lumière et atmosphère, très utile pour comprendre l’image au cinéma.', 2, 22),
(9, 'La structure en trois actes est expliquée simplement, parfait pour débuter en écriture.', 3, 30);

-- --------------------------------------------------------

--
-- Structure de la table `cours`
--

CREATE TABLE `cours` (
  `id_cours` int(20) NOT NULL,
  `date` date NOT NULL,
  `horaire_debut` time(6) NOT NULL,
  `horaire_fin` time(6) NOT NULL,
  `id_matiere` int(20) NOT NULL
) ENGINE=InnoDB DEFAULT CHARSET=utf8mb4 COLLATE=utf8mb4_general_ci;

--
-- Déchargement des données de la table `cours`
--

INSERT INTO `cours` (`id_cours`, `date`, `horaire_debut`, `horaire_fin`, `id_matiere`) VALUES
(1, '2025-09-04', '09:00:00.000000', '12:00:00.000000', 11),
(2, '2025-09-08', '10:00:00.000000', '13:00:00.000000', 4),
(3, '2025-09-09', '16:00:00.000000', '18:00:00.000000', 1),
(4, '2025-09-18', '14:00:00.000000', '17:00:00.000000', 5),
(5, '2025-09-22', '16:00:00.000000', '18:00:00.000000', 3),
(6, '2025-09-24', '09:00:00.000000', '12:00:00.000000', 10),
(7, '2025-09-26', '10:00:00.000000', '13:00:00.000000', 2),
(8, '2025-09-29', '14:00:00.000000', '16:00:00.000000', 12),
(9, '2025-09-30', '16:00:00.000000', '18:00:00.000000', 15),
(10, '2025-10-02', '09:00:00.000000', '11:00:00.000000', 9),
(11, '2025-10-03', '10:00:00.000000', '13:00:00.000000', 8),
(12, '2025-10-07', '14:00:00.000000', '17:00:00.000000', 14),
(13, '2025-10-08', '16:00:00.000000', '19:00:00.000000', 6),
(14, '2025-10-09', '10:00:00.000000', '13:00:00.000000', 13),
(15, '2025-10-14', '14:00:00.000000', '16:00:00.000000', 7),
(18, '2025-10-15', '09:00:00.000000', '12:00:00.000000', 1),
(19, '2025-11-12', '14:00:00.000000', '17:00:00.000000', 1),
(20, '2025-12-03', '10:00:00.000000', '13:00:00.000000', 1),
(21, '2025-10-16', '10:00:00.000000', '13:00:00.000000', 2),
(22, '2025-11-13', '16:00:00.000000', '18:00:00.000000', 2),
(23, '2025-12-04', '09:00:00.000000', '11:00:00.000000', 2),
(24, '2025-10-17', '14:00:00.000000', '17:00:00.000000', 3),
(25, '2025-11-14', '09:00:00.000000', '12:00:00.000000', 3),
(26, '2025-12-05', '16:00:00.000000', '18:00:00.000000', 3),
(27, '2025-10-20', '09:00:00.000000', '11:00:00.000000', 4),
(28, '2025-11-17', '10:00:00.000000', '13:00:00.000000', 4),
(29, '2025-12-08', '14:00:00.000000', '17:00:00.000000', 4),
(30, '2025-10-21', '16:00:00.000000', '18:00:00.000000', 5),
(31, '2025-11-18', '09:00:00.000000', '12:00:00.000000', 5),
(32, '2025-12-09', '10:00:00.000000', '13:00:00.000000', 5),
(33, '2025-10-22', '10:00:00.000000', '13:00:00.000000', 6),
(34, '2025-11-19', '14:00:00.000000', '16:00:00.000000', 6),
(35, '2025-12-10', '09:00:00.000000', '12:00:00.000000', 6),
(36, '2025-10-23', '14:00:00.000000', '16:00:00.000000', 7),
(37, '2025-11-20', '10:00:00.000000', '13:00:00.000000', 7),
(38, '2025-12-11', '16:00:00.000000', '19:00:00.000000', 7),
(39, '2025-10-24', '09:00:00.000000', '12:00:00.000000', 8),
(40, '2025-11-21', '16:00:00.000000', '18:00:00.000000', 8),
(41, '2025-12-12', '14:00:00.000000', '17:00:00.000000', 8),
(42, '2025-10-27', '10:00:00.000000', '12:00:00.000000', 9),
(43, '2025-11-24', '09:00:00.000000', '11:00:00.000000', 9),
(44, '2025-12-15', '10:00:00.000000', '13:00:00.000000', 9),
(45, '2025-10-28', '14:00:00.000000', '17:00:00.000000', 10),
(46, '2025-11-25', '16:00:00.000000', '18:00:00.000000', 10),
(47, '2025-12-16', '09:00:00.000000', '12:00:00.000000', 10),
(48, '2025-10-29', '16:00:00.000000', '18:00:00.000000', 11),
(49, '2025-11-26', '14:00:00.000000', '17:00:00.000000', 11),
(50, '2025-12-17', '10:00:00.000000', '13:00:00.000000', 11),
(51, '2025-10-30', '10:00:00.000000', '13:00:00.000000', 12),
(52, '2025-11-27', '09:00:00.000000', '12:00:00.000000', 12),
(53, '2025-12-18', '14:00:00.000000', '16:00:00.000000', 12),
(54, '2025-11-03', '09:00:00.000000', '12:00:00.000000', 13),
(55, '2025-11-28', '10:00:00.000000', '13:00:00.000000', 13),
(56, '2025-12-19', '16:00:00.000000', '18:00:00.000000', 13),
(57, '2025-11-04', '14:00:00.000000', '16:00:00.000000', 14),
(58, '2025-12-01', '09:00:00.000000', '11:00:00.000000', 14),
(59, '2025-12-22', '10:00:00.000000', '13:00:00.000000', 14),
(60, '2025-11-05', '16:00:00.000000', '19:00:00.000000', 15),
(61, '2025-12-02', '14:00:00.000000', '17:00:00.000000', 15),
(62, '2025-12-23', '09:00:00.000000', '12:00:00.000000', 15);

-- --------------------------------------------------------

--
-- Structure de la table `cours_salle`
--

CREATE TABLE `cours_salle` (
  `id_courssalle` int(20) NOT NULL,
  `id_cours` int(20) NOT NULL,
  `id_salle` int(20) NOT NULL
) ENGINE=InnoDB DEFAULT CHARSET=utf8mb4 COLLATE=utf8mb4_general_ci;

--
-- Déchargement des données de la table `cours_salle`
--

INSERT INTO `cours_salle` (`id_courssalle`, `id_cours`, `id_salle`) VALUES
(1, 3, 1),
(2, 1, 4),
(3, 2, 7),
(4, 4, 2),
(5, 5, 9),
(6, 6, 1),
(7, 7, 5),
(8, 8, 3),
(9, 9, 8),
(10, 10, 6),
(11, 11, 2),
(12, 12, 4),
(13, 13, 7),
(14, 14, 1),
(15, 15, 9),
(16, 16, 3),
(17, 17, 6),
(18, 18, 5),
(19, 19, 8),
(20, 20, 2),
(21, 21, 4),
(22, 22, 7),
(23, 23, 1),
(24, 24, 9),
(25, 25, 3),
(26, 26, 6),
(27, 27, 5),
(28, 28, 8),
(29, 29, 2),
(30, 30, 4),
(31, 31, 7),
(32, 32, 1),
(33, 33, 9),
(34, 34, 3),
(35, 35, 6),
(36, 36, 5),
(37, 37, 8),
(38, 38, 2),
(39, 39, 4),
(40, 40, 7),
(41, 41, 1),
(42, 42, 9),
(43, 43, 3),
(44, 44, 6),
(45, 45, 5),
(46, 46, 8),
(47, 47, 2),
(48, 48, 4),
(49, 49, 7),
(50, 50, 1),
(51, 51, 9),
(52, 52, 3),
(53, 53, 6),
(54, 54, 5),
(55, 55, 8),
(56, 56, 2),
(57, 57, 4),
(58, 58, 7),
(59, 59, 1),
(60, 60, 9),
(61, 61, 3),
(62, 62, 6);

-- --------------------------------------------------------

--
-- Structure de la table `formateur`
--

CREATE TABLE `formateur` (
  `id_formateur` int(20) NOT NULL,
  `prenom` varchar(50) NOT NULL,
  `nom` varchar(100) NOT NULL,
  `email` varchar(70) NOT NULL,
  `telephone` varchar(20) NOT NULL,
  `info_complementaires` varchar(300) DEFAULT NULL
) ENGINE=InnoDB DEFAULT CHARSET=utf8mb4 COLLATE=utf8mb4_general_ci;

--
-- Déchargement des données de la table `formateur`
--

INSERT INTO `formateur` (`id_formateur`, `prenom`, `nom`, `email`, `telephone`, `info_complementaires`) VALUES
(1, 'Meryl ', 'Streep', 'meryl.s@gmail.com', '555789', NULL),
(2, 'Florence ', 'Pugh', 'flo.pugh@outlook.com', '555423', 'Indisponible les lundis'),
(3, 'Marina ', 'Foïs', 'foismarina@gmail.com', '0601023344', NULL),
(4, 'Viola', 'Davis', 'v.davis@outlook.com', '555563', ''),
(5, 'Wes', 'Anderson', 'wes.anderson@live.com', '555412', NULL),
(6, 'Xavier', 'Dolan', 'x.dolan@hotmail.com', '666847', NULL),
(7, 'Christopher', 'Nolan', 'c.nolan@icloud.com', '444587', NULL),
(8, 'Martin', 'Scorsese', 'martin_scorsese@outlook.com', '565823', NULL),
(9, 'Leïla', 'Bekhti', 'leilabekhti@yahoo.fr', '0625252525', NULL),
(10, 'Lana', 'Washowski', 'lana.w@outlook.com', '666589', NULL),
(11, 'Greta', 'Gerwig', 'gretagerwig@aol.com', '545125', NULL),
(12, 'Alfred', 'Hitchcock', 'alfred.hitchcock@protonmail.com', '999856', NULL),
(13, 'Marcel', 'Pagnol', 'mpagnol@yahoo.fr', '0514248463', NULL),
(14, 'Denis', 'Villeneuve', 'denis.villeneuve@live.com', '633412', NULL),
(15, 'Alain', 'Chabat', 'alainchabat@hotmail.com', '0678451298', NULL);

-- --------------------------------------------------------

--
-- Structure de la table `formateur_matiere`
--

CREATE TABLE `formateur_matiere` (
  `id_formateurmatiere` int(20) NOT NULL,
  `id_formateur` int(20) NOT NULL,
  `id_matiere` int(20) NOT NULL
) ENGINE=InnoDB DEFAULT CHARSET=utf8mb4 COLLATE=utf8mb4_general_ci;

--
-- Déchargement des données de la table `formateur_matiere`
--

INSERT INTO `formateur_matiere` (`id_formateurmatiere`, `id_formateur`, `id_matiere`) VALUES
(1, 1, 1),
(2, 2, 2),
(3, 3, 3),
(4, 4, 6),
(5, 5, 4),
(6, 6, 5),
(7, 7, 7),
(8, 8, 8),
(9, 15, 13),
(10, 9, 12),
(11, 10, 9),
(12, 11, 11),
(13, 12, 10),
(14, 13, 14),
(15, 14, 15);

-- --------------------------------------------------------

--
-- Structure de la table `formation`
--

CREATE TABLE `formation` (
  `id_formation` int(20) NOT NULL,
  `nom` varchar(50) NOT NULL,
  `description` varchar(300) NOT NULL
) ENGINE=InnoDB DEFAULT CHARSET=utf8mb4 COLLATE=utf8mb4_general_ci;

--
-- Déchargement des données de la table `formation`
--

INSERT INTO `formation` (`id_formation`, `nom`, `description`) VALUES
(1, 'Formation Acting', 'Formation intensive au jeu d\'acteur pour la caméra et la scène. Travail approfondi sur les techniques d\'interprétation, la gestion des émotions, la préparation physique et vocale du personnage, et l\'improvisation.'),
(2, 'Formation Réalisation', 'Formation complète aux métiers de la réalisation cinématographique. Maîtrise de la direction d\'acteurs, du cadrage, de la lumière, du montage narratif et de la préparation technique d\'un tournage.'),
(3, 'Formation Scénarisation', 'Formation à l\'écriture de scénarios pour le cinéma et les séries. Apprentissage de la structure narrative, du développement des personnages, de l\'écriture de dialogues, de l\'adaptation et des techniques de réécriture.');

-- --------------------------------------------------------

--
-- Structure de la table `formation_matiere`
--

CREATE TABLE `formation_matiere` (
  `id_formationmatiere` int(20) NOT NULL,
  `id_formation` int(20) NOT NULL,
  `id_matiere` int(20) NOT NULL
) ENGINE=InnoDB DEFAULT CHARSET=utf8mb4 COLLATE=utf8mb4_general_ci;

--
-- Déchargement des données de la table `formation_matiere`
--

INSERT INTO `formation_matiere` (`id_formationmatiere`, `id_formation`, `id_matiere`) VALUES
(1, 1, 1),
(2, 1, 2),
(3, 1, 3),
(4, 3, 13),
(5, 2, 5),
(6, 1, 6),
(7, 1, 12),
(8, 2, 4),
(9, 2, 9),
(10, 2, 11),
(11, 2, 10),
(12, 3, 7),
(13, 3, 8),
(14, 3, 14),
(15, 3, 15);

-- --------------------------------------------------------

--
-- Structure de la table `inscription`
--

CREATE TABLE `inscription` (
  `id_inscription` int(20) NOT NULL,
  `date` date NOT NULL,
  `id_formation` int(20) NOT NULL,
  `id_apprenant` int(20) NOT NULL
) ENGINE=InnoDB DEFAULT CHARSET=utf8mb4 COLLATE=utf8mb4_general_ci;

--
-- Déchargement des données de la table `inscription`
--

INSERT INTO `inscription` (`id_inscription`, `date`, `id_formation`, `id_apprenant`) VALUES
(1, '2025-08-09', 1, 1),
(2, '2025-07-08', 2, 2),
(3, '2025-08-05', 1, 4),
(4, '2025-08-06', 1, 5),
(5, '2025-08-19', 2, 6),
(6, '2025-08-20', 2, 7),
(7, '2025-08-26', 3, 3),
(8, '2025-08-17', 3, 8),
(9, '2025-08-27', 3, 9),
(10, '2025-07-01', 1, 12),
(11, '2025-07-23', 3, 17),
(12, '2025-07-14', 2, 19),
(13, '2025-07-21', 2, 13),
(14, '2025-07-13', 1, 29),
(15, '2025-07-07', 1, 27),
(16, '2025-07-09', 2, 18),
(17, '2025-07-08', 2, 22),
(18, '2025-07-24', 3, 16),
(19, '2025-07-22', 3, 24),
(20, '2025-09-11', 1, 10),
(21, '2025-07-30', 2, 25),
(22, '2025-07-15', 2, 28),
(23, '2025-07-12', 1, 20),
(24, '2025-07-19', 1, 11),
(25, '2025-07-20', 2, 14),
(26, '2025-07-05', 1, 21),
(27, '2025-07-11', 3, 23),
(28, '2025-07-16', 3, 15),
(29, '2025-07-10', 3, 30),
(30, '2025-07-17', 3, 26);

-- --------------------------------------------------------

--
-- Structure de la table `matiere`
--

CREATE TABLE `matiere` (
  `id_matiere` int(20) NOT NULL,
  `nom` varchar(50) NOT NULL
) ENGINE=InnoDB DEFAULT CHARSET=utf8mb4 COLLATE=utf8mb4_general_ci;

--
-- Déchargement des données de la table `matiere`
--

INSERT INTO `matiere` (`id_matiere`, `nom`) VALUES
(1, 'Technique d\'improvisation'),
(2, 'Exploration des émotions '),
(3, 'Préparation physique du personnage '),
(4, 'Cadrage et composition '),
(5, 'Direction d\'acteurs '),
(6, 'Travail vocal et diction '),
(7, 'Structure en trois actes '),
(8, 'Développement des personnages '),
(9, 'Montage narratif '),
(10, 'Préparation et découpage technique '),
(11, 'Lumière et atmosphère '),
(12, 'Jeu face caméra '),
(13, 'Réécriture et script-doctoring '),
(14, 'Dialogues et sous-texte '),
(15, 'Adaptation littéraire ');

-- --------------------------------------------------------

--
-- Structure de la table `note`
--

CREATE TABLE `note` (
  `id_note` int(20) NOT NULL,
  `note` int(20) NOT NULL,
  `date` date NOT NULL,
  `type_eval` enum('eval_simple','DM','oral','partiel') NOT NULL,
  `id_matiere` int(20) NOT NULL,
  `id_apprenant` int(20) NOT NULL
) ENGINE=InnoDB DEFAULT CHARSET=utf8mb4 COLLATE=utf8mb4_general_ci;

--
-- Déchargement des données de la table `note`
--

INSERT INTO `note` (`id_note`, `note`, `date`, `type_eval`, `id_matiere`, `id_apprenant`) VALUES
(1, 14, '2025-09-17', 'eval_simple', 3, 1),
(2, 19, '2025-09-15', 'eval_simple', 1, 4),
(3, 14, '2025-09-15', 'DM', 2, 5),
(4, 17, '2025-09-16', 'oral', 6, 12),
(5, 13, '2025-09-16', 'eval_simple', 12, 20),
(6, 18, '2025-09-17', 'partiel', 1, 10),
(7, 11, '2025-09-17', 'DM', 2, 21),
(8, 16, '2025-09-18', 'oral', 3, 11),
(9, 19, '2025-09-18', 'eval_simple', 6, 29),
(10, 14, '2025-09-19', 'DM', 12, 27),
(11, 12, '2025-09-19', 'oral', 4, 2),
(12, 17, '2025-09-22', 'eval_simple', 5, 6),
(13, 15, '2025-10-22', 'partiel', 9, 7),
(14, 9, '2025-09-23', 'DM', 11, 19),
(15, 18, '2025-09-23', 'oral', 10, 14),
(16, 14, '2025-09-24', 'eval_simple', 4, 22),
(17, 16, '2025-09-24', 'DM', 5, 13),
(18, 13, '2025-09-25', 'oral', 9, 25),
(19, 15, '2025-09-25', 'partiel', 11, 18),
(20, 10, '2025-09-26', 'eval_simple', 10, 28),
(21, 15, '2025-09-26', 'DM', 7, 3),
(22, 17, '2025-09-29', 'oral', 8, 8),
(23, 14, '2025-09-29', 'eval_simple', 14, 9),
(24, 18, '2025-09-30', 'partiel', 15, 16),
(25, 11, '2025-09-30', 'DM', 13, 30),
(26, 16, '2025-10-01', 'oral', 7, 24),
(27, 13, '2025-10-01', 'eval_simple', 8, 15),
(28, 19, '2025-10-02', 'partiel', 14, 23),
(29, 14, '2025-10-02', 'DM', 15, 17),
(30, 12, '2025-10-03', 'oral', 13, 26),
(31, 14, '2025-11-18', 'DM', 1, 1),
(32, 17, '2025-10-30', 'DM', 1, 1),
(33, 11, '2025-10-27', 'eval_simple', 1, 1),
(34, 12, '2025-12-18', 'partiel', 1, 1),
(35, 16, '2025-12-15', 'eval_simple', 2, 1),
(36, 17, '2025-11-27', 'DM', 2, 1),
(37, 14, '2025-12-18', 'DM', 2, 1),
(38, 13, '2025-11-18', 'DM', 2, 1),
(39, 10, '2025-11-25', 'DM', 3, 1),
(40, 17, '2025-11-13', 'eval_simple', 3, 1),
(41, 19, '2025-12-01', 'eval_simple', 3, 1),
(42, 15, '2025-11-12', 'partiel', 6, 1),
(43, 8, '2025-11-07', 'eval_simple', 6, 1),
(44, 14, '2025-11-03', 'oral', 6, 1),
(45, 16, '2025-10-22', 'partiel', 6, 1),
(46, 16, '2025-10-31', 'partiel', 12, 1),
(47, 8, '2025-11-14', 'DM', 12, 1),
(48, 11, '2025-12-17', 'DM', 12, 1),
(49, 19, '2025-11-24', 'DM', 12, 1),
(50, 16, '2025-12-12', 'DM', 5, 2),
(51, 8, '2025-10-24', 'eval_simple', 5, 2),
(52, 10, '2025-11-26', 'partiel', 5, 2),
(53, 9, '2025-11-21', 'eval_simple', 5, 2),
(54, 10, '2025-11-11', 'eval_simple', 4, 2),
(55, 14, '2025-11-13', 'DM', 4, 2),
(56, 16, '2025-11-19', 'DM', 4, 2),
(57, 8, '2025-12-10', 'DM', 9, 2),
(58, 15, '2025-11-06', 'partiel', 9, 2),
(59, 10, '2025-11-14', 'partiel', 9, 2),
(60, 8, '2025-10-27', 'DM', 9, 2),
(61, 17, '2025-11-20', 'eval_simple', 11, 2),
(62, 9, '2025-10-24', 'DM', 11, 2),
(63, 12, '2025-10-30', 'DM', 11, 2),
(64, 14, '2025-10-28', 'DM', 11, 2),
(65, 16, '2025-11-12', 'partiel', 10, 2),
(66, 11, '2025-11-06', 'eval_simple', 10, 2),
(67, 13, '2025-10-30', 'eval_simple', 10, 2),
(68, 16, '2025-11-10', 'eval_simple', 10, 2),
(69, 17, '2025-10-20', 'oral', 1, 4),
(70, 11, '2025-11-18', 'partiel', 1, 4),
(71, 13, '2025-11-19', 'partiel', 1, 4),
(72, 14, '2025-11-17', 'eval_simple', 2, 4),
(73, 10, '2025-10-17', 'oral', 2, 4),
(74, 19, '2025-11-19', 'partiel', 2, 4),
(75, 11, '2025-11-11', 'DM', 2, 4),
(76, 18, '2025-12-18', 'oral', 3, 4),
(77, 9, '2025-12-16', 'oral', 3, 4),
(78, 11, '2025-12-22', 'DM', 3, 4),
(79, 14, '2025-11-10', 'partiel', 3, 4),
(80, 9, '2025-11-24', 'partiel', 6, 4),
(81, 12, '2025-10-21', 'oral', 6, 4),
(82, 18, '2025-11-12', 'partiel', 6, 4),
(83, 16, '2025-10-27', 'oral', 6, 4),
(84, 14, '2025-11-10', 'partiel', 12, 4),
(85, 18, '2025-12-09', 'DM', 12, 4),
(86, 12, '2025-11-18', 'partiel', 12, 4),
(87, 11, '2025-11-18', 'oral', 12, 4),
(88, 11, '2025-11-14', 'eval_simple', 1, 5),
(89, 18, '2025-11-14', 'oral', 1, 5),
(90, 11, '2025-12-12', 'DM', 1, 5),
(91, 18, '2025-11-06', 'partiel', 1, 5),
(92, 19, '2025-12-22', 'DM', 2, 5),
(93, 14, '2025-11-14', 'partiel', 2, 5),
(94, 8, '2025-10-24', 'DM', 2, 5),
(95, 8, '2025-12-01', 'oral', 3, 5),
(96, 18, '2025-12-19', 'DM', 3, 5),
(97, 16, '2025-11-24', 'DM', 3, 5),
(98, 12, '2025-12-19', 'partiel', 3, 5),
(99, 15, '2025-12-03', 'oral', 6, 5),
(100, 11, '2025-12-19', 'eval_simple', 6, 5),
(101, 9, '2025-11-11', 'eval_simple', 6, 5),
(102, 17, '2025-10-17', 'eval_simple', 6, 5),
(103, 14, '2025-11-11', 'oral', 12, 5),
(104, 16, '2025-12-10', 'oral', 12, 5),
(105, 11, '2025-12-22', 'eval_simple', 12, 5),
(106, 14, '2025-11-19', 'DM', 12, 5),
(107, 12, '2025-11-25', 'oral', 5, 6),
(108, 10, '2025-10-27', 'partiel', 5, 6),
(109, 19, '2025-12-16', 'partiel', 5, 6),
(110, 14, '2025-12-03', 'DM', 4, 6),
(111, 13, '2025-11-06', 'DM', 4, 6),
(112, 12, '2025-11-25', 'partiel', 4, 6),
(113, 10, '2025-11-26', 'partiel', 4, 6),
(114, 18, '2025-10-29', 'eval_simple', 9, 6),
(115, 16, '2025-11-05', 'partiel', 9, 6),
(116, 16, '2025-10-15', 'eval_simple', 9, 6),
(117, 13, '2025-11-27', 'eval_simple', 9, 6),
(118, 13, '2025-12-11', 'eval_simple', 11, 6),
(119, 17, '2025-12-15', 'oral', 11, 6),
(120, 18, '2025-10-15', 'oral', 11, 6),
(121, 14, '2025-11-06', 'DM', 11, 6),
(122, 10, '2025-12-05', 'eval_simple', 10, 6),
(123, 14, '2025-10-17', 'eval_simple', 10, 6),
(124, 13, '2025-11-28', 'DM', 10, 6),
(125, 16, '2025-12-22', 'oral', 10, 6),
(126, 10, '2025-11-24', 'eval_simple', 5, 7),
(127, 19, '2025-12-23', 'partiel', 5, 7),
(128, 11, '2025-10-31', 'eval_simple', 5, 7),
(129, 15, '2025-10-29', 'oral', 5, 7),
(130, 12, '2025-12-12', 'oral', 4, 7),
(131, 9, '2025-12-03', 'DM', 4, 7),
(132, 16, '2025-10-30', 'oral', 4, 7),
(133, 18, '2025-12-02', 'eval_simple', 4, 7),
(134, 19, '2025-12-15', 'eval_simple', 9, 7),
(135, 19, '2025-10-27', 'DM', 9, 7),
(136, 10, '2025-12-02', 'eval_simple', 9, 7),
(137, 8, '2025-12-22', 'partiel', 9, 7),
(138, 10, '2025-11-14', 'DM', 11, 7),
(139, 17, '2025-12-08', 'DM', 11, 7),
(140, 13, '2025-12-23', 'eval_simple', 11, 7),
(141, 13, '2025-12-10', 'partiel', 11, 7),
(142, 11, '2025-11-11', 'DM', 10, 7),
(143, 19, '2025-10-24', 'DM', 10, 7),
(144, 15, '2025-12-11', 'eval_simple', 10, 7),
(145, 11, '2025-11-18', 'eval_simple', 10, 7),
(146, 11, '2025-12-04', 'partiel', 13, 3),
(147, 19, '2025-12-08', 'eval_simple', 13, 3),
(148, 10, '2025-10-29', 'partiel', 13, 3),
(149, 13, '2025-11-06', 'oral', 13, 3),
(150, 17, '2025-10-17', 'partiel', 7, 3),
(151, 8, '2025-11-11', 'DM', 7, 3),
(152, 10, '2025-10-15', 'oral', 7, 3),
(153, 16, '2025-11-10', 'oral', 8, 3),
(154, 9, '2025-11-27', 'partiel', 8, 3),
(155, 9, '2025-10-17', 'oral', 8, 3),
(156, 10, '2025-12-08', 'oral', 8, 3),
(157, 13, '2025-12-12', 'oral', 14, 3),
(158, 8, '2025-11-18', 'oral', 14, 3),
(159, 17, '2025-11-04', 'DM', 14, 3),
(160, 19, '2025-12-15', 'eval_simple', 14, 3),
(161, 12, '2025-12-19', 'partiel', 15, 3),
(162, 14, '2025-11-28', 'DM', 15, 3),
(163, 10, '2025-12-01', 'partiel', 15, 3),
(164, 8, '2025-11-03', 'DM', 15, 3),
(165, 18, '2025-11-06', 'DM', 13, 8),
(166, 17, '2025-10-23', 'partiel', 13, 8),
(167, 8, '2025-12-04', 'eval_simple', 13, 8),
(168, 11, '2025-10-27', 'DM', 13, 8),
(169, 18, '2025-11-11', 'eval_simple', 7, 8),
(170, 12, '2025-10-30', 'partiel', 7, 8),
(171, 10, '2025-10-15', 'eval_simple', 7, 8),
(172, 16, '2025-11-19', 'partiel', 7, 8),
(173, 9, '2025-10-29', 'DM', 8, 8),
(174, 13, '2025-11-21', 'DM', 8, 8),
(175, 15, '2025-12-09', 'eval_simple', 8, 8),
(176, 13, '2025-11-28', 'DM', 14, 8),
(177, 11, '2025-12-18', 'partiel', 14, 8),
(178, 11, '2025-12-17', 'eval_simple', 14, 8),
(179, 14, '2025-12-09', 'DM', 14, 8),
(180, 10, '2025-10-27', 'partiel', 15, 8),
(181, 19, '2025-11-05', 'DM', 15, 8),
(182, 18, '2025-11-06', 'DM', 15, 8),
(183, 18, '2025-12-01', 'eval_simple', 15, 8),
(184, 11, '2025-11-05', 'DM', 13, 9),
(185, 18, '2025-12-17', 'partiel', 13, 9),
(186, 14, '2025-12-01', 'eval_simple', 13, 9),
(187, 11, '2025-11-06', 'oral', 13, 9),
(188, 17, '2025-11-13', 'partiel', 7, 9),
(189, 11, '2025-10-23', 'eval_simple', 7, 9),
(190, 8, '2025-11-21', 'eval_simple', 7, 9),
(191, 13, '2025-10-31', 'eval_simple', 7, 9),
(192, 18, '2025-11-10', 'DM', 8, 9),
(193, 12, '2025-12-12', 'oral', 8, 9),
(194, 8, '2025-12-04', 'oral', 8, 9),
(195, 11, '2025-12-18', 'oral', 8, 9),
(196, 9, '2025-10-29', 'oral', 14, 9),
(197, 14, '2025-10-28', 'oral', 14, 9),
(198, 16, '2025-11-06', 'DM', 14, 9),
(199, 15, '2025-10-20', 'eval_simple', 15, 9),
(200, 13, '2025-11-04', 'DM', 15, 9),
(201, 17, '2025-10-22', 'partiel', 15, 9),
(202, 8, '2025-11-14', 'oral', 15, 9),
(203, 14, '2025-11-05', 'DM', 1, 12),
(204, 9, '2025-10-16', 'eval_simple', 1, 12),
(205, 10, '2025-11-03', 'DM', 1, 12),
(206, 13, '2025-12-09', 'oral', 1, 12),
(207, 9, '2025-12-11', 'eval_simple', 2, 12),
(208, 14, '2025-10-24', 'partiel', 2, 12),
(209, 9, '2025-12-16', 'oral', 2, 12),
(210, 15, '2025-11-21', 'partiel', 2, 12),
(211, 16, '2025-12-11', 'oral', 3, 12),
(212, 13, '2025-12-17', 'oral', 3, 12),
(213, 9, '2025-11-07', 'DM', 3, 12),
(214, 9, '2025-10-17', 'DM', 3, 12),
(215, 12, '2025-11-12', 'eval_simple', 6, 12),
(216, 12, '2025-11-11', 'DM', 6, 12),
(217, 11, '2025-11-24', 'partiel', 6, 12),
(218, 16, '2025-10-16', 'oral', 12, 12),
(219, 9, '2025-12-23', 'partiel', 12, 12),
(220, 9, '2025-12-19', 'eval_simple', 12, 12),
(221, 12, '2025-11-27', 'partiel', 12, 12),
(222, 14, '2025-12-22', 'oral', 5, 19),
(223, 16, '2025-11-05', 'eval_simple', 5, 19),
(224, 12, '2025-11-19', 'DM', 5, 19),
(225, 9, '2025-12-05', 'oral', 5, 19),
(226, 15, '2025-12-19', 'partiel', 4, 19),
(227, 13, '2025-12-08', 'eval_simple', 4, 19),
(228, 19, '2025-10-16', 'eval_simple', 4, 19),
(229, 17, '2025-10-22', 'DM', 4, 19),
(230, 14, '2025-10-31', 'partiel', 9, 19),
(231, 18, '2025-12-12', 'eval_simple', 9, 19),
(232, 8, '2025-10-24', 'oral', 9, 19),
(233, 11, '2025-11-03', 'eval_simple', 9, 19),
(234, 8, '2025-11-21', 'oral', 11, 19),
(235, 10, '2025-10-27', 'oral', 11, 19),
(236, 10, '2025-12-17', 'partiel', 11, 19),
(237, 9, '2025-11-11', 'DM', 10, 19),
(238, 14, '2025-11-18', 'eval_simple', 10, 19),
(239, 9, '2025-11-07', 'oral', 10, 19),
(240, 12, '2025-12-18', 'DM', 10, 19),
(241, 12, '2025-12-18', 'eval_simple', 5, 13),
(242, 8, '2025-12-19', 'eval_simple', 5, 13),
(243, 12, '2025-11-26', 'partiel', 5, 13),
(244, 10, '2025-11-10', 'partiel', 4, 13),
(245, 11, '2025-12-23', 'oral', 4, 13),
(246, 15, '2025-11-06', 'oral', 4, 13),
(247, 18, '2025-10-30', 'partiel', 4, 13),
(248, 12, '2025-10-28', 'DM', 9, 13),
(249, 13, '2025-11-28', 'DM', 9, 13),
(250, 16, '2025-11-04', 'oral', 9, 13),
(251, 17, '2025-12-01', 'eval_simple', 9, 13),
(252, 11, '2025-12-03', 'partiel', 11, 13),
(253, 10, '2025-12-04', 'eval_simple', 11, 13),
(254, 13, '2025-12-18', 'partiel', 11, 13),
(255, 17, '2025-10-22', 'eval_simple', 11, 13),
(256, 14, '2025-10-22', 'partiel', 10, 13),
(257, 15, '2025-10-23', 'eval_simple', 10, 13),
(258, 8, '2025-10-31', 'eval_simple', 10, 13),
(259, 11, '2025-11-11', 'DM', 10, 13),
(260, 9, '2025-10-28', 'oral', 1, 29),
(261, 19, '2025-11-11', 'DM', 1, 29),
(262, 16, '2025-12-15', 'DM', 1, 29),
(263, 9, '2025-12-09', 'eval_simple', 1, 29),
(264, 13, '2025-10-16', 'DM', 2, 29),
(265, 12, '2025-11-19', 'oral', 2, 29),
(266, 16, '2025-10-17', 'partiel', 2, 29),
(267, 18, '2025-11-06', 'partiel', 2, 29),
(268, 16, '2025-12-09', 'oral', 3, 29),
(269, 11, '2025-11-14', 'DM', 3, 29),
(270, 8, '2025-12-16', 'oral', 3, 29),
(271, 19, '2025-12-03', 'DM', 3, 29),
(272, 11, '2025-12-10', 'partiel', 6, 29),
(273, 19, '2025-11-26', 'DM', 6, 29),
(274, 17, '2025-11-14', 'DM', 6, 29),
(275, 19, '2025-12-01', 'oral', 12, 29),
(276, 8, '2025-10-16', 'oral', 12, 29),
(277, 10, '2025-10-27', 'partiel', 12, 29),
(278, 8, '2025-10-21', 'oral', 12, 29),
(279, 18, '2025-12-03', 'oral', 1, 27),
(280, 13, '2025-10-30', 'oral', 1, 27),
(281, 19, '2025-12-23', 'eval_simple', 1, 27),
(282, 19, '2025-12-03', 'oral', 1, 27),
(283, 8, '2025-12-12', 'oral', 2, 27),
(284, 14, '2025-10-31', 'DM', 2, 27),
(285, 8, '2025-10-30', 'eval_simple', 2, 27),
(286, 15, '2025-11-19', 'partiel', 2, 27),
(287, 16, '2025-12-02', 'partiel', 3, 27),
(288, 13, '2025-12-05', 'partiel', 3, 27),
(289, 12, '2025-10-23', 'DM', 3, 27),
(290, 13, '2025-10-27', 'eval_simple', 3, 27),
(291, 12, '2025-12-15', 'eval_simple', 6, 27),
(292, 8, '2025-11-17', 'partiel', 6, 27),
(293, 13, '2025-12-05', 'DM', 6, 27),
(294, 17, '2025-10-24', 'oral', 6, 27),
(295, 12, '2025-11-20', 'DM', 12, 27),
(296, 10, '2025-12-12', 'DM', 12, 27),
(297, 12, '2025-12-16', 'eval_simple', 12, 27),
(298, 16, '2025-11-28', 'oral', 5, 18),
(299, 10, '2025-11-05', 'partiel', 5, 18),
(300, 16, '2025-12-03', 'DM', 5, 18),
(301, 12, '2025-11-11', 'partiel', 5, 18),
(302, 19, '2025-11-18', 'eval_simple', 4, 18),
(303, 13, '2025-10-16', 'partiel', 4, 18),
(304, 11, '2025-11-26', 'eval_simple', 4, 18),
(305, 15, '2025-11-11', 'DM', 4, 18),
(306, 16, '2025-10-17', 'DM', 9, 18),
(307, 15, '2025-10-21', 'oral', 9, 18),
(308, 16, '2025-10-27', 'oral', 9, 18),
(309, 19, '2025-12-02', 'eval_simple', 9, 18),
(310, 9, '2025-10-15', 'DM', 11, 18),
(311, 19, '2025-12-19', 'eval_simple', 11, 18),
(312, 15, '2025-10-31', 'partiel', 11, 18),
(313, 15, '2025-12-10', 'eval_simple', 11, 18),
(314, 11, '2025-12-18', 'eval_simple', 10, 18),
(315, 17, '2025-11-04', 'DM', 10, 18),
(316, 18, '2025-11-21', 'DM', 10, 18),
(317, 10, '2025-12-03', 'partiel', 5, 22),
(318, 12, '2025-12-08', 'eval_simple', 5, 22),
(319, 19, '2025-10-17', 'oral', 5, 22),
(320, 8, '2025-12-10', 'eval_simple', 5, 22),
(321, 18, '2025-11-05', 'partiel', 4, 22),
(322, 13, '2025-12-22', 'partiel', 4, 22),
(323, 10, '2025-11-10', 'oral', 4, 22),
(324, 19, '2025-10-28', 'eval_simple', 9, 22),
(325, 13, '2025-12-04', 'oral', 9, 22),
(326, 16, '2025-10-31', 'partiel', 9, 22),
(327, 18, '2025-11-06', 'DM', 9, 22),
(328, 16, '2025-11-06', 'partiel', 11, 22),
(329, 9, '2025-11-18', 'partiel', 11, 22),
(330, 19, '2025-11-06', 'oral', 11, 22),
(331, 15, '2025-10-15', 'DM', 11, 22),
(332, 8, '2025-12-16', 'oral', 10, 22),
(333, 11, '2025-10-30', 'eval_simple', 10, 22),
(334, 10, '2025-12-01', 'DM', 10, 22),
(335, 12, '2025-11-06', 'oral', 10, 22),
(336, 14, '2025-11-14', 'partiel', 13, 16),
(337, 10, '2025-11-06', 'oral', 13, 16),
(338, 10, '2025-10-15', 'DM', 13, 16),
(339, 16, '2025-11-25', 'partiel', 13, 16),
(340, 12, '2025-12-19', 'partiel', 7, 16),
(341, 18, '2025-11-12', 'DM', 7, 16),
(342, 13, '2025-12-04', 'DM', 7, 16),
(343, 19, '2025-12-09', 'eval_simple', 7, 16),
(344, 16, '2025-11-19', 'DM', 8, 16),
(345, 15, '2025-11-03', 'eval_simple', 8, 16),
(346, 19, '2025-11-19', 'oral', 8, 16),
(347, 14, '2025-12-02', 'oral', 8, 16),
(348, 13, '2025-11-03', 'eval_simple', 14, 16),
(349, 9, '2025-11-04', 'DM', 14, 16),
(350, 14, '2025-10-29', 'DM', 14, 16),
(351, 19, '2025-11-20', 'DM', 14, 16),
(352, 13, '2025-10-22', 'DM', 15, 16),
(353, 8, '2025-12-18', 'eval_simple', 15, 16),
(354, 9, '2025-12-10', 'partiel', 15, 16),
(355, 14, '2025-11-03', 'oral', 13, 24),
(356, 15, '2025-11-13', 'eval_simple', 13, 24),
(357, 10, '2025-12-11', 'partiel', 13, 24),
(358, 17, '2025-12-11', 'partiel', 13, 24),
(359, 13, '2025-11-07', 'DM', 7, 24),
(360, 17, '2025-10-28', 'partiel', 7, 24),
(361, 17, '2025-11-17', 'DM', 7, 24),
(362, 15, '2025-11-24', 'partiel', 8, 24),
(363, 10, '2025-11-25', 'partiel', 8, 24),
(364, 17, '2025-12-08', 'oral', 8, 24),
(365, 16, '2025-11-24', 'partiel', 8, 24),
(366, 9, '2025-11-26', 'eval_simple', 14, 24),
(367, 18, '2025-11-25', 'DM', 14, 24),
(368, 9, '2025-11-14', 'partiel', 14, 24),
(369, 8, '2025-11-18', 'partiel', 14, 24),
(370, 13, '2025-10-20', 'DM', 15, 24),
(371, 10, '2025-10-24', 'partiel', 15, 24),
(372, 16, '2025-12-22', 'eval_simple', 15, 24),
(373, 9, '2025-10-27', 'DM', 15, 24),
(374, 10, '2025-11-04', 'oral', 13, 20),
(375, 8, '2025-11-14', 'eval_simple', 13, 20),
(376, 8, '2025-12-23', 'DM', 13, 20),
(377, 8, '2025-10-31', 'DM', 13, 20),
(378, 17, '2025-11-03', 'DM', 7, 20),
(379, 16, '2025-12-22', 'eval_simple', 7, 20),
(380, 10, '2025-11-25', 'oral', 7, 20),
(381, 15, '2025-11-14', 'oral', 7, 20),
(382, 13, '2025-11-13', 'DM', 8, 20),
(383, 12, '2025-10-16', 'partiel', 8, 20),
(384, 9, '2025-10-29', 'eval_simple', 8, 20),
(385, 11, '2025-11-19', 'oral', 8, 20),
(386, 13, '2025-11-13', 'DM', 14, 20),
(387, 19, '2025-12-15', 'partiel', 14, 20),
(388, 13, '2025-12-11', 'oral', 14, 20),
(389, 18, '2025-11-26', 'partiel', 14, 20),
(390, 8, '2025-11-26', 'eval_simple', 15, 20),
(391, 12, '2025-12-02', 'eval_simple', 15, 20),
(392, 13, '2025-10-23', 'eval_simple', 15, 20),
(393, 14, '2025-12-17', 'oral', 15, 20),
(394, 19, '2025-12-17', 'eval_simple', 5, 25),
(395, 10, '2025-11-17', 'oral', 5, 25),
(396, 13, '2025-12-05', 'oral', 5, 25),
(397, 18, '2025-11-07', 'oral', 5, 25),
(398, 19, '2025-11-06', 'partiel', 4, 25),
(399, 10, '2025-12-08', 'DM', 4, 25),
(400, 18, '2025-11-11', 'eval_simple', 4, 25),
(401, 9, '2025-12-12', 'partiel', 4, 25),
(402, 9, '2025-10-22', 'DM', 9, 25),
(403, 9, '2025-11-14', 'partiel', 9, 25),
(404, 13, '2025-11-04', 'DM', 9, 25),
(405, 8, '2025-10-27', 'oral', 11, 25),
(406, 16, '2025-11-19', 'DM', 11, 25),
(407, 18, '2025-10-15', 'oral', 11, 25),
(408, 13, '2025-10-31', 'partiel', 11, 25),
(409, 12, '2025-11-27', 'DM', 10, 25),
(410, 10, '2025-12-17', 'eval_simple', 10, 25),
(411, 18, '2025-10-20', 'DM', 10, 25),
(412, 8, '2025-11-11', 'oral', 10, 25),
(413, 15, '2025-10-28', 'eval_simple', 5, 28),
(414, 10, '2025-11-10', 'oral', 5, 28),
(415, 17, '2025-11-06', 'DM', 5, 28),
(416, 13, '2025-11-05', 'eval_simple', 5, 28),
(417, 11, '2025-11-06', 'partiel', 4, 28),
(418, 9, '2025-12-08', 'eval_simple', 4, 28),
(419, 16, '2025-10-30', 'eval_simple', 4, 28),
(420, 18, '2025-12-05', 'DM', 4, 28),
(421, 13, '2025-11-27', 'partiel', 9, 28),
(422, 13, '2025-10-27', 'DM', 9, 28),
(423, 11, '2025-11-21', 'partiel', 9, 28),
(424, 12, '2025-11-20', 'DM', 9, 28),
(425, 15, '2025-11-04', 'oral', 11, 28),
(426, 16, '2025-10-17', 'DM', 11, 28),
(427, 13, '2025-11-25', 'DM', 11, 28),
(428, 9, '2025-12-03', 'eval_simple', 11, 28),
(429, 10, '2025-10-17', 'DM', 10, 28),
(430, 12, '2025-11-21', 'eval_simple', 10, 28),
(431, 9, '2025-10-22', 'DM', 10, 28),
(432, 8, '2025-11-05', 'eval_simple', 13, 23),
(433, 9, '2025-10-21', 'eval_simple', 13, 23),
(434, 9, '2025-10-16', 'oral', 13, 23),
(435, 13, '2025-12-23', 'oral', 13, 23),
(436, 10, '2025-11-24', 'partiel', 7, 23),
(437, 17, '2025-10-20', 'partiel', 7, 23),
(438, 10, '2025-11-26', 'DM', 7, 23),
(439, 16, '2025-11-25', 'oral', 7, 23),
(440, 9, '2025-11-14', 'DM', 8, 23),
(441, 19, '2025-11-11', 'oral', 8, 23),
(442, 17, '2025-10-17', 'DM', 8, 23),
(443, 18, '2025-10-31', 'eval_simple', 8, 23),
(444, 16, '2025-12-03', 'oral', 14, 23),
(445, 19, '2025-12-11', 'DM', 14, 23),
(446, 17, '2025-11-25', 'eval_simple', 14, 23),
(447, 12, '2025-12-03', 'partiel', 15, 23),
(448, 19, '2025-11-03', 'eval_simple', 15, 23),
(449, 8, '2025-10-29', 'partiel', 15, 23),
(450, 9, '2025-12-22', 'DM', 15, 23),
(451, 11, '2025-10-27', 'DM', 13, 15),
(452, 18, '2025-11-21', 'eval_simple', 13, 15),
(453, 17, '2025-11-06', 'eval_simple', 13, 15),
(454, 11, '2025-11-03', 'eval_simple', 13, 15),
(455, 18, '2025-12-09', 'partiel', 7, 15),
(456, 18, '2025-12-08', 'partiel', 7, 15),
(457, 17, '2025-11-07', 'oral', 7, 15),
(458, 16, '2025-11-24', 'DM', 7, 15),
(459, 16, '2025-12-23', 'partiel', 8, 15),
(460, 16, '2025-11-14', 'partiel', 8, 15),
(461, 11, '2025-11-28', 'eval_simple', 8, 15),
(462, 10, '2025-10-21', 'eval_simple', 14, 15),
(463, 10, '2025-12-08', 'DM', 14, 15),
(464, 16, '2025-10-27', 'partiel', 14, 15),
(465, 18, '2025-11-10', 'eval_simple', 14, 15),
(466, 12, '2025-11-18', 'DM', 15, 15),
(467, 18, '2025-11-17', 'eval_simple', 15, 15),
(468, 9, '2025-12-08', 'DM', 15, 15),
(469, 16, '2025-12-19', 'oral', 15, 15),
(470, 13, '2025-10-27', 'DM', 13, 30),
(471, 18, '2025-12-23', 'partiel', 13, 30),
(472, 13, '2025-12-04', 'partiel', 13, 30),
(473, 10, '2025-11-13', 'oral', 7, 30),
(474, 18, '2025-11-05', 'DM', 7, 30),
(475, 18, '2025-11-07', 'oral', 7, 30),
(476, 11, '2025-12-09', 'eval_simple', 7, 30),
(477, 19, '2025-11-26', 'DM', 8, 30),
(478, 15, '2025-11-07', 'oral', 8, 30),
(479, 15, '2025-10-30', 'DM', 8, 30),
(480, 17, '2025-11-11', 'eval_simple', 8, 30),
(481, 16, '2025-11-25', 'oral', 14, 30),
(482, 8, '2025-11-17', 'eval_simple', 14, 30),
(483, 14, '2025-12-22', 'DM', 14, 30),
(484, 17, '2025-12-02', 'oral', 14, 30),
(485, 16, '2025-10-22', 'DM', 15, 30),
(486, 14, '2025-12-22', 'DM', 15, 30),
(487, 16, '2025-11-17', 'DM', 15, 30),
(488, 10, '2025-10-16', 'eval_simple', 15, 30),
(489, 15, '2025-10-23', 'partiel', 13, 26),
(490, 12, '2025-12-12', 'partiel', 13, 26),
(491, 17, '2025-12-01', 'partiel', 13, 26),
(492, 8, '2025-12-09', 'eval_simple', 7, 26),
(493, 15, '2025-12-05', 'oral', 7, 26),
(494, 11, '2025-11-14', 'oral', 7, 26),
(495, 9, '2025-12-16', 'eval_simple', 7, 26),
(496, 18, '2025-10-24', 'DM', 8, 26),
(497, 19, '2025-11-05', 'oral', 8, 26),
(498, 17, '2025-11-03', 'DM', 8, 26),
(499, 17, '2025-11-26', 'eval_simple', 8, 26),
(500, 12, '2025-11-03', 'partiel', 14, 26),
(501, 18, '2025-11-25', 'oral', 14, 26),
(502, 19, '2025-10-20', 'DM', 14, 26),
(503, 11, '2025-12-05', 'eval_simple', 14, 26),
(504, 9, '2025-11-18', 'DM', 15, 26),
(505, 16, '2025-11-21', 'DM', 15, 26),
(506, 11, '2025-12-04', 'partiel', 15, 26),
(507, 12, '2025-10-23', 'eval_simple', 15, 26),
(508, 9, '2025-11-13', 'partiel', 1, 10),
(509, 10, '2025-11-04', 'eval_simple', 1, 10),
(510, 9, '2025-11-19', 'DM', 1, 10),
(511, 16, '2025-11-10', 'partiel', 2, 10),
(512, 11, '2025-12-03', 'oral', 2, 10),
(513, 17, '2025-11-21', 'oral', 2, 10),
(514, 19, '2025-10-29', 'partiel', 2, 10),
(515, 10, '2025-12-19', 'DM', 3, 10),
(516, 10, '2025-11-20', 'partiel', 3, 10),
(517, 15, '2025-11-06', 'oral', 3, 10),
(518, 19, '2025-11-18', 'oral', 3, 10),
(519, 9, '2025-12-09', 'eval_simple', 6, 10),
(520, 11, '2025-11-27', 'eval_simple', 6, 10),
(521, 15, '2025-12-15', 'partiel', 6, 10),
(522, 16, '2025-10-20', 'DM', 6, 10),
(523, 9, '2025-11-24', 'partiel', 12, 10),
(524, 15, '2025-10-16', 'DM', 12, 10),
(525, 11, '2025-10-21', 'DM', 12, 10),
(526, 16, '2025-12-11', 'partiel', 12, 10),
(527, 10, '2025-10-27', 'DM', 1, 11),
(528, 13, '2025-11-18', 'oral', 1, 11),
(529, 19, '2025-10-21', 'partiel', 1, 11),
(530, 8, '2025-12-22', 'DM', 1, 11),
(531, 14, '2025-12-03', 'partiel', 2, 11),
(532, 19, '2025-10-27', 'eval_simple', 2, 11),
(533, 13, '2025-12-02', 'oral', 2, 11),
(534, 11, '2025-11-07', 'oral', 2, 11),
(535, 9, '2025-11-05', 'partiel', 3, 11),
(536, 12, '2025-11-25', 'oral', 3, 11),
(537, 17, '2025-11-19', 'DM', 3, 11),
(538, 8, '2025-10-21', 'eval_simple', 6, 11),
(539, 16, '2025-12-19', 'oral', 6, 11),
(540, 16, '2025-11-10', 'partiel', 6, 11),
(541, 8, '2025-12-19', 'eval_simple', 6, 11),
(542, 15, '2025-10-30', 'DM', 12, 11),
(543, 12, '2025-12-10', 'partiel', 12, 11),
(544, 13, '2025-10-17', 'DM', 12, 11),
(545, 18, '2025-11-07', 'partiel', 12, 11),
(546, 17, '2025-12-05', 'partiel', 5, 14),
(547, 8, '2025-10-31', 'eval_simple', 5, 14),
(548, 15, '2025-12-01', 'DM', 5, 14),
(549, 11, '2025-10-29', 'partiel', 5, 14),
(550, 13, '2025-10-24', 'partiel', 4, 14),
(551, 16, '2025-10-24', 'partiel', 4, 14),
(552, 19, '2025-12-08', 'DM', 4, 14),
(553, 8, '2025-12-22', 'DM', 4, 14),
(554, 14, '2025-11-04', 'DM', 9, 14),
(555, 12, '2025-12-18', 'DM', 9, 14),
(556, 18, '2025-10-28', 'eval_simple', 9, 14),
(557, 12, '2025-11-07', 'oral', 9, 14),
(558, 15, '2025-10-31', 'partiel', 11, 14),
(559, 15, '2025-12-04', 'oral', 11, 14),
(560, 9, '2025-12-01', 'partiel', 11, 14),
(561, 18, '2025-12-18', 'eval_simple', 10, 14),
(562, 18, '2025-11-17', 'DM', 10, 14),
(563, 18, '2025-10-27', 'oral', 10, 14),
(564, 8, '2025-10-15', 'DM', 10, 14),
(565, 14, '2025-11-28', 'eval_simple', 1, 21),
(566, 13, '2025-12-01', 'partiel', 1, 21),
(567, 14, '2025-12-18', 'oral', 1, 21),
(568, 11, '2025-12-23', 'eval_simple', 1, 21),
(569, 13, '2025-12-04', 'DM', 2, 21),
(570, 17, '2025-10-28', 'eval_simple', 2, 21),
(571, 8, '2025-12-02', 'oral', 2, 21),
(572, 14, '2025-10-17', 'oral', 3, 21),
(573, 19, '2025-11-10', 'oral', 3, 21),
(574, 10, '2025-12-18', 'eval_simple', 3, 21),
(575, 11, '2025-12-12', 'eval_simple', 3, 21),
(576, 12, '2025-10-23', 'eval_simple', 6, 21),
(577, 17, '2025-11-21', 'eval_simple', 6, 21),
(578, 12, '2025-11-28', 'eval_simple', 6, 21),
(579, 15, '2025-11-04', 'DM', 6, 21),
(580, 19, '2025-10-27', 'oral', 12, 21),
(581, 18, '2025-10-23', 'oral', 12, 21),
(582, 16, '2025-11-06', 'partiel', 12, 21),
(583, 9, '2025-11-03', 'partiel', 12, 21),
(584, 19, '2025-10-30', 'oral', 13, 17),
(585, 18, '2025-12-17', 'oral', 13, 17),
(586, 15, '2025-12-10', 'eval_simple', 13, 17),
(587, 17, '2025-10-15', 'DM', 13, 17),
(588, 17, '2025-10-17', 'eval_simple', 7, 17),
(589, 11, '2025-11-14', 'partiel', 7, 17),
(590, 16, '2025-11-03', 'partiel', 7, 17),
(591, 19, '2025-11-24', 'DM', 7, 17),
(592, 11, '2025-11-27', 'oral', 8, 17),
(593, 12, '2025-11-24', 'eval_simple', 8, 17),
(594, 8, '2025-12-05', 'eval_simple', 8, 17),
(595, 13, '2025-11-19', 'oral', 8, 17),
(596, 11, '2025-11-11', 'oral', 14, 17),
(597, 19, '2025-10-22', 'DM', 14, 17),
(598, 17, '2025-10-20', 'eval_simple', 14, 17),
(599, 13, '2025-12-04', 'oral', 14, 17),
(600, 17, '2025-10-31', 'DM', 15, 17),
(601, 11, '2025-12-17', 'partiel', 15, 17),
(602, 10, '2025-11-03', 'eval_simple', 15, 17);

-- --------------------------------------------------------

--
-- Structure de la table `presence`
--

CREATE TABLE `presence` (
  `id_presence` int(20) NOT NULL,
  `presence` tinyint(1) NOT NULL,
  `id_apprenant` int(20) NOT NULL,
  `id_cours` int(20) NOT NULL
) ENGINE=InnoDB DEFAULT CHARSET=utf8mb4 COLLATE=utf8mb4_general_ci;

--
-- Déchargement des données de la table `presence`
--

INSERT INTO `presence` (`id_presence`, `presence`, `id_apprenant`, `id_cours`) VALUES
(1, 1, 1, 3),
(2, 1, 27, 3),
(3, 1, 4, 3),
(4, 1, 5, 3),
(5, 1, 12, 3),
(6, 1, 20, 3),
(7, 0, 10, 3),
(8, 1, 21, 3),
(9, 0, 11, 3),
(10, 1, 29, 3),
(11, 1, 2, 1),
(12, 1, 6, 1),
(13, 1, 7, 1),
(14, 1, 19, 1),
(15, 1, 14, 1),
(16, 0, 22, 1),
(17, 1, 13, 1),
(18, 0, 25, 1),
(19, 1, 18, 1),
(20, 1, 28, 1),
(21, 1, 3, 9),
(22, 1, 8, 9),
(23, 1, 9, 9),
(24, 1, 16, 9),
(25, 1, 30, 9),
(26, 0, 24, 9),
(27, 1, 15, 9),
(28, 0, 23, 9),
(29, 1, 17, 9),
(30, 1, 26, 9),
(32, 1, 1, 1),
(33, 1, 3, 1),
(34, 1, 4, 1),
(35, 1, 5, 1),
(36, 1, 8, 1),
(37, 1, 9, 1),
(38, 0, 10, 1),
(39, 1, 11, 1),
(40, 1, 12, 1),
(41, 1, 15, 1),
(42, 1, 16, 1),
(43, 1, 17, 1),
(44, 1, 20, 1),
(45, 1, 21, 1),
(46, 1, 23, 1),
(47, 1, 24, 1),
(48, 1, 26, 1),
(49, 1, 27, 1),
(50, 0, 29, 1),
(51, 1, 30, 1),
(52, 0, 1, 2),
(53, 1, 2, 2),
(54, 1, 3, 2),
(55, 1, 4, 2),
(56, 0, 5, 2),
(57, 1, 6, 2),
(58, 1, 7, 2),
(59, 1, 8, 2),
(60, 0, 9, 2),
(61, 1, 10, 2),
(62, 0, 11, 2),
(63, 1, 12, 2),
(64, 1, 13, 2),
(65, 0, 14, 2),
(66, 1, 15, 2),
(67, 1, 16, 2),
(68, 0, 17, 2),
(69, 1, 18, 2),
(70, 0, 19, 2),
(71, 1, 20, 2),
(72, 1, 21, 2),
(73, 1, 22, 2),
(74, 1, 23, 2),
(75, 1, 24, 2),
(76, 1, 25, 2),
(77, 1, 26, 2),
(78, 1, 27, 2),
(79, 1, 28, 2),
(80, 1, 29, 2),
(81, 1, 30, 2),
(82, 1, 2, 3),
(83, 1, 3, 3),
(84, 1, 6, 3),
(85, 0, 7, 3),
(86, 1, 8, 3),
(87, 1, 9, 3),
(88, 1, 13, 3),
(89, 1, 14, 3),
(90, 1, 15, 3),
(91, 1, 16, 3),
(92, 0, 17, 3),
(93, 1, 18, 3),
(94, 1, 19, 3),
(95, 1, 22, 3),
(96, 0, 23, 3),
(97, 0, 24, 3),
(98, 1, 25, 3),
(99, 1, 26, 3),
(100, 1, 28, 3),
(101, 1, 30, 3),
(102, 1, 1, 4),
(103, 0, 2, 4),
(104, 0, 3, 4),
(105, 1, 4, 4),
(106, 1, 5, 4),
(107, 1, 6, 4),
(108, 0, 7, 4),
(109, 1, 8, 4),
(110, 1, 9, 4),
(111, 1, 10, 4),
(112, 1, 11, 4),
(113, 1, 12, 4),
(114, 1, 13, 4),
(115, 0, 14, 4),
(116, 1, 15, 4),
(117, 1, 16, 4),
(118, 0, 17, 4),
(119, 1, 18, 4),
(120, 1, 19, 4),
(121, 1, 20, 4),
(122, 1, 21, 4),
(123, 1, 22, 4),
(124, 0, 23, 4),
(125, 1, 24, 4),
(126, 1, 25, 4),
(127, 1, 26, 4),
(128, 0, 27, 4),
(129, 1, 28, 4),
(130, 0, 29, 4),
(131, 0, 30, 4),
(132, 1, 1, 5),
(133, 1, 2, 5),
(134, 1, 3, 5),
(135, 1, 4, 5),
(136, 1, 5, 5),
(137, 1, 6, 5),
(138, 1, 7, 5),
(139, 1, 8, 5),
(140, 1, 9, 5),
(141, 0, 10, 5),
(142, 0, 11, 5),
(143, 1, 12, 5),
(144, 1, 13, 5),
(145, 1, 14, 5),
(146, 0, 15, 5),
(147, 0, 16, 5),
(148, 1, 17, 5),
(149, 1, 18, 5),
(150, 1, 19, 5),
(151, 1, 20, 5),
(152, 0, 21, 5),
(153, 1, 22, 5),
(154, 0, 23, 5),
(155, 1, 24, 5),
(156, 1, 25, 5),
(157, 1, 26, 5),
(158, 1, 27, 5),
(159, 0, 28, 5),
(160, 0, 29, 5),
(161, 0, 30, 5),
(162, 1, 1, 6),
(163, 1, 2, 6),
(164, 0, 3, 6),
(165, 0, 4, 6),
(166, 1, 5, 6),
(167, 1, 6, 6),
(168, 1, 7, 6),
(169, 0, 8, 6),
(170, 0, 9, 6),
(171, 1, 10, 6),
(172, 1, 11, 6),
(173, 1, 12, 6),
(174, 1, 13, 6),
(175, 0, 14, 6),
(176, 1, 15, 6),
(177, 1, 16, 6),
(178, 1, 17, 6),
(179, 1, 18, 6),
(180, 1, 19, 6),
(181, 1, 20, 6),
(182, 0, 21, 6),
(183, 1, 22, 6),
(184, 1, 23, 6),
(185, 1, 24, 6),
(186, 1, 25, 6),
(187, 1, 26, 6),
(188, 1, 27, 6),
(189, 1, 28, 6),
(190, 1, 29, 6),
(191, 1, 30, 6),
(192, 1, 1, 7),
(193, 1, 2, 7),
(194, 1, 3, 7),
(195, 0, 4, 7),
(196, 0, 5, 7),
(197, 1, 6, 7),
(198, 1, 7, 7),
(199, 1, 8, 7),
(200, 1, 9, 7),
(201, 1, 10, 7),
(202, 0, 11, 7),
(203, 1, 12, 7),
(204, 1, 13, 7),
(205, 0, 14, 7),
(206, 0, 15, 7),
(207, 1, 16, 7),
(208, 1, 17, 7),
(209, 1, 18, 7),
(210, 1, 19, 7),
(211, 1, 20, 7),
(212, 1, 21, 7),
(213, 1, 22, 7),
(214, 0, 23, 7),
(215, 1, 24, 7),
(216, 1, 25, 7),
(217, 1, 26, 7),
(218, 0, 27, 7),
(219, 1, 28, 7),
(220, 1, 29, 7),
(221, 1, 30, 7),
(222, 1, 1, 8),
(223, 1, 2, 8),
(224, 1, 3, 8),
(225, 0, 4, 8),
(226, 1, 5, 8),
(227, 0, 6, 8),
(228, 1, 7, 8),
(229, 1, 8, 8),
(230, 0, 9, 8),
(231, 0, 10, 8),
(232, 0, 11, 8),
(233, 0, 12, 8),
(234, 0, 13, 8),
(235, 1, 14, 8),
(236, 1, 15, 8),
(237, 1, 16, 8),
(238, 1, 17, 8),
(239, 1, 18, 8),
(240, 1, 19, 8),
(241, 0, 20, 8),
(242, 1, 21, 8),
(243, 0, 22, 8),
(244, 1, 23, 8),
(245, 1, 24, 8),
(246, 0, 25, 8),
(247, 0, 26, 8),
(248, 1, 27, 8),
(249, 1, 28, 8),
(250, 1, 29, 8),
(251, 1, 30, 8),
(252, 0, 1, 9),
(253, 1, 2, 9),
(254, 1, 4, 9),
(255, 1, 5, 9),
(256, 1, 6, 9),
(257, 1, 7, 9),
(258, 1, 10, 9),
(259, 0, 11, 9),
(260, 1, 12, 9),
(261, 0, 13, 9),
(262, 1, 14, 9),
(263, 1, 18, 9),
(264, 1, 19, 9),
(265, 1, 20, 9),
(266, 1, 21, 9),
(267, 1, 22, 9),
(268, 0, 25, 9),
(269, 1, 27, 9),
(270, 1, 28, 9),
(271, 1, 29, 9),
(272, 1, 1, 10),
(273, 1, 2, 10),
(274, 1, 3, 10),
(275, 0, 4, 10),
(276, 1, 5, 10),
(277, 1, 6, 10),
(278, 1, 7, 10),
(279, 1, 8, 10),
(280, 1, 9, 10),
(281, 1, 10, 10),
(282, 1, 11, 10),
(283, 0, 12, 10),
(284, 1, 13, 10),
(285, 1, 14, 10),
(286, 0, 15, 10),
(287, 0, 16, 10),
(288, 1, 17, 10),
(289, 1, 18, 10),
(290, 1, 19, 10),
(291, 0, 20, 10),
(292, 0, 21, 10),
(293, 0, 22, 10),
(294, 1, 23, 10),
(295, 1, 24, 10),
(296, 0, 25, 10),
(297, 1, 26, 10),
(298, 1, 27, 10),
(299, 0, 28, 10),
(300, 1, 29, 10),
(301, 1, 30, 10),
(302, 0, 1, 11),
(303, 1, 2, 11),
(304, 1, 3, 11),
(305, 0, 4, 11),
(306, 1, 5, 11),
(307, 1, 6, 11),
(308, 1, 7, 11),
(309, 1, 8, 11),
(310, 1, 9, 11),
(311, 1, 10, 11),
(312, 1, 11, 11),
(313, 1, 12, 11),
(314, 1, 13, 11),
(315, 1, 14, 11),
(316, 1, 15, 11),
(317, 0, 16, 11),
(318, 0, 17, 11),
(319, 1, 18, 11),
(320, 1, 19, 11),
(321, 1, 20, 11),
(322, 1, 21, 11),
(323, 0, 22, 11),
(324, 1, 23, 11),
(325, 1, 24, 11),
(326, 1, 25, 11),
(327, 1, 26, 11),
(328, 1, 27, 11),
(329, 1, 28, 11),
(330, 1, 29, 11),
(331, 0, 30, 11),
(332, 0, 1, 12),
(333, 1, 2, 12),
(334, 0, 3, 12),
(335, 1, 4, 12),
(336, 1, 5, 12),
(337, 1, 6, 12),
(338, 1, 7, 12),
(339, 0, 8, 12),
(340, 0, 9, 12),
(341, 0, 10, 12),
(342, 0, 11, 12),
(343, 1, 12, 12),
(344, 1, 13, 12),
(345, 1, 14, 12),
(346, 0, 15, 12),
(347, 0, 16, 12),
(348, 1, 17, 12),
(349, 1, 18, 12),
(350, 1, 19, 12),
(351, 0, 20, 12),
(352, 0, 21, 12),
(353, 0, 22, 12),
(354, 0, 23, 12),
(355, 0, 24, 12),
(356, 1, 25, 12),
(357, 1, 26, 12),
(358, 1, 27, 12),
(359, 0, 28, 12),
(360, 0, 29, 12),
(361, 0, 30, 12),
(362, 0, 1, 13),
(363, 1, 2, 13),
(364, 0, 3, 13),
(365, 1, 4, 13),
(366, 0, 5, 13),
(367, 0, 6, 13),
(368, 1, 7, 13),
(369, 0, 8, 13),
(370, 1, 9, 13),
(371, 1, 10, 13),
(372, 0, 11, 13),
(373, 1, 12, 13),
(374, 1, 13, 13),
(375, 1, 14, 13),
(376, 1, 15, 13),
(377, 0, 16, 13),
(378, 0, 17, 13),
(379, 1, 18, 13),
(380, 1, 19, 13),
(381, 1, 20, 13),
(382, 0, 21, 13),
(383, 1, 22, 13),
(384, 0, 23, 13),
(385, 1, 24, 13),
(386, 0, 25, 13),
(387, 1, 26, 13),
(388, 0, 27, 13),
(389, 1, 28, 13),
(390, 1, 29, 13),
(391, 1, 30, 13),
(392, 1, 1, 14),
(393, 1, 2, 14),
(394, 1, 3, 14),
(395, 1, 4, 14),
(396, 1, 5, 14),
(397, 1, 6, 14),
(398, 1, 7, 14),
(399, 1, 8, 14),
(400, 1, 9, 14),
(401, 0, 10, 14),
(402, 1, 11, 14),
(403, 1, 12, 14),
(404, 1, 13, 14),
(405, 1, 14, 14),
(406, 1, 15, 14),
(407, 1, 16, 14),
(408, 1, 17, 14),
(409, 1, 18, 14),
(410, 1, 19, 14),
(411, 0, 20, 14),
(412, 1, 21, 14),
(413, 1, 22, 14),
(414, 1, 23, 14),
(415, 1, 24, 14),
(416, 1, 25, 14),
(417, 1, 26, 14),
(418, 1, 27, 14),
(419, 1, 28, 14),
(420, 0, 29, 14),
(421, 1, 30, 14),
(422, 0, 1, 15),
(423, 1, 2, 15),
(424, 1, 3, 15),
(425, 1, 4, 15),
(426, 1, 5, 15),
(427, 1, 6, 15),
(428, 1, 7, 15),
(429, 1, 8, 15),
(430, 1, 9, 15),
(431, 1, 10, 15),
(432, 1, 11, 15),
(433, 1, 12, 15),
(434, 1, 13, 15),
(435, 0, 14, 15),
(436, 0, 15, 15),
(437, 1, 16, 15),
(438, 1, 17, 15),
(439, 1, 18, 15),
(440, 1, 19, 15),
(441, 1, 20, 15),
(442, 0, 21, 15),
(443, 0, 22, 15),
(444, 1, 23, 15),
(445, 1, 24, 15),
(446, 1, 25, 15),
(447, 1, 26, 15),
(448, 1, 27, 15),
(449, 1, 28, 15),
(450, 0, 29, 15),
(451, 1, 30, 15),
(452, 1, 1, 16),
(453, 1, 2, 16),
(454, 1, 3, 16),
(455, 1, 4, 16),
(456, 1, 5, 16),
(457, 1, 6, 16),
(458, 1, 7, 16),
(459, 1, 8, 16),
(460, 0, 9, 16),
(461, 0, 10, 16),
(462, 1, 11, 16),
(463, 1, 12, 16),
(464, 1, 13, 16),
(465, 0, 14, 16),
(466, 1, 15, 16),
(467, 1, 16, 16),
(468, 1, 17, 16),
(469, 0, 18, 16),
(470, 1, 19, 16),
(471, 0, 20, 16),
(472, 1, 21, 16),
(473, 0, 22, 16),
(474, 1, 23, 16),
(475, 0, 24, 16),
(476, 0, 25, 16),
(477, 1, 26, 16),
(478, 1, 27, 16),
(479, 1, 28, 16),
(480, 0, 29, 16),
(481, 1, 30, 16),
(482, 0, 1, 17),
(483, 1, 2, 17),
(484, 1, 3, 17),
(485, 1, 4, 17),
(486, 1, 5, 17),
(487, 1, 6, 17),
(488, 0, 7, 17),
(489, 1, 8, 17),
(490, 1, 9, 17),
(491, 1, 10, 17),
(492, 1, 11, 17),
(493, 1, 12, 17),
(494, 1, 13, 17),
(495, 1, 14, 17),
(496, 1, 15, 17),
(497, 1, 16, 17),
(498, 1, 17, 17),
(499, 1, 18, 17),
(500, 1, 19, 17),
(501, 1, 20, 17),
(502, 1, 21, 17),
(503, 1, 22, 17),
(504, 1, 23, 17),
(505, 1, 24, 17),
(506, 1, 25, 17),
(507, 0, 26, 17),
(508, 1, 27, 17),
(509, 1, 28, 17),
(510, 0, 29, 17),
(511, 0, 30, 17),
(512, 1, 1, 18),
(513, 1, 2, 18),
(514, 1, 3, 18),
(515, 0, 4, 18),
(516, 0, 5, 18),
(517, 0, 6, 18),
(518, 1, 7, 18),
(519, 1, 8, 18),
(520, 1, 9, 18),
(521, 1, 10, 18),
(522, 1, 11, 18),
(523, 1, 12, 18),
(524, 1, 13, 18),
(525, 1, 14, 18),
(526, 1, 15, 18),
(527, 1, 16, 18),
(528, 1, 17, 18),
(529, 1, 18, 18),
(530, 1, 19, 18),
(531, 1, 20, 18),
(532, 1, 21, 18),
(533, 1, 22, 18),
(534, 1, 23, 18),
(535, 1, 24, 18),
(536, 1, 25, 18),
(537, 1, 26, 18),
(538, 1, 27, 18),
(539, 1, 28, 18),
(540, 1, 29, 18),
(541, 1, 30, 18),
(542, 1, 1, 19),
(543, 1, 2, 19),
(544, 0, 3, 19),
(545, 1, 4, 19),
(546, 0, 5, 19),
(547, 0, 6, 19),
(548, 1, 7, 19),
(549, 1, 8, 19),
(550, 1, 9, 19),
(551, 1, 10, 19),
(552, 0, 11, 19),
(553, 1, 12, 19),
(554, 1, 13, 19),
(555, 0, 14, 19),
(556, 1, 15, 19),
(557, 0, 16, 19),
(558, 0, 17, 19),
(559, 1, 18, 19),
(560, 1, 19, 19),
(561, 1, 20, 19),
(562, 1, 21, 19),
(563, 1, 22, 19),
(564, 1, 23, 19),
(565, 1, 24, 19),
(566, 1, 25, 19),
(567, 0, 26, 19),
(568, 1, 27, 19),
(569, 1, 28, 19),
(570, 1, 29, 19),
(571, 1, 30, 19),
(572, 0, 1, 20),
(573, 0, 2, 20),
(574, 1, 3, 20),
(575, 1, 4, 20),
(576, 1, 5, 20),
(577, 1, 6, 20),
(578, 0, 7, 20),
(579, 1, 8, 20),
(580, 1, 9, 20),
(581, 1, 10, 20),
(582, 1, 11, 20),
(583, 1, 12, 20),
(584, 1, 13, 20),
(585, 0, 14, 20),
(586, 0, 15, 20),
(587, 1, 16, 20),
(588, 1, 17, 20),
(589, 0, 18, 20),
(590, 0, 19, 20),
(591, 1, 20, 20),
(592, 1, 21, 20),
(593, 1, 22, 20),
(594, 1, 23, 20),
(595, 1, 24, 20),
(596, 0, 25, 20),
(597, 0, 26, 20),
(598, 1, 27, 20),
(599, 0, 28, 20),
(600, 1, 29, 20),
(601, 0, 30, 20),
(602, 1, 1, 21),
(603, 1, 2, 21),
(604, 1, 3, 21),
(605, 0, 4, 21),
(606, 1, 5, 21),
(607, 0, 6, 21),
(608, 1, 7, 21),
(609, 1, 8, 21),
(610, 1, 9, 21),
(611, 1, 10, 21),
(612, 1, 11, 21),
(613, 0, 12, 21),
(614, 0, 13, 21),
(615, 1, 14, 21),
(616, 0, 15, 21),
(617, 1, 16, 21),
(618, 1, 17, 21),
(619, 1, 18, 21),
(620, 1, 19, 21),
(621, 1, 20, 21),
(622, 0, 21, 21),
(623, 1, 22, 21),
(624, 1, 23, 21),
(625, 0, 24, 21),
(626, 1, 25, 21),
(627, 0, 26, 21),
(628, 1, 27, 21),
(629, 1, 28, 21),
(630, 1, 29, 21),
(631, 0, 30, 21),
(632, 1, 1, 22),
(633, 1, 2, 22),
(634, 1, 3, 22),
(635, 0, 4, 22),
(636, 1, 5, 22),
(637, 1, 6, 22),
(638, 1, 7, 22),
(639, 0, 8, 22),
(640, 1, 9, 22),
(641, 1, 10, 22),
(642, 1, 11, 22),
(643, 1, 12, 22),
(644, 1, 13, 22),
(645, 1, 14, 22),
(646, 1, 15, 22),
(647, 1, 16, 22),
(648, 1, 17, 22),
(649, 1, 18, 22),
(650, 1, 19, 22),
(651, 1, 20, 22),
(652, 1, 21, 22),
(653, 1, 22, 22),
(654, 1, 23, 22),
(655, 1, 24, 22),
(656, 1, 25, 22),
(657, 0, 26, 22),
(658, 1, 27, 22),
(659, 1, 28, 22),
(660, 1, 29, 22),
(661, 1, 30, 22),
(662, 0, 1, 23),
(663, 1, 2, 23),
(664, 1, 3, 23),
(665, 1, 4, 23),
(666, 1, 5, 23),
(667, 1, 6, 23),
(668, 1, 7, 23),
(669, 1, 8, 23),
(670, 1, 9, 23),
(671, 1, 10, 23),
(672, 0, 11, 23),
(673, 1, 12, 23),
(674, 1, 13, 23),
(675, 1, 14, 23),
(676, 0, 15, 23),
(677, 1, 16, 23),
(678, 0, 17, 23),
(679, 1, 18, 23),
(680, 1, 19, 23),
(681, 1, 20, 23),
(682, 1, 21, 23),
(683, 1, 22, 23),
(684, 0, 23, 23),
(685, 1, 24, 23),
(686, 0, 25, 23),
(687, 1, 26, 23),
(688, 1, 27, 23),
(689, 1, 28, 23),
(690, 1, 29, 23),
(691, 1, 30, 23),
(692, 1, 1, 24),
(693, 1, 2, 24),
(694, 0, 3, 24),
(695, 1, 4, 24),
(696, 0, 5, 24),
(697, 1, 6, 24),
(698, 0, 7, 24),
(699, 1, 8, 24),
(700, 1, 9, 24),
(701, 1, 10, 24),
(702, 1, 11, 24),
(703, 0, 12, 24),
(704, 0, 13, 24),
(705, 1, 14, 24),
(706, 1, 15, 24),
(707, 1, 16, 24),
(708, 1, 17, 24),
(709, 0, 18, 24),
(710, 1, 19, 24),
(711, 1, 20, 24),
(712, 1, 21, 24),
(713, 1, 22, 24),
(714, 1, 23, 24),
(715, 1, 24, 24),
(716, 1, 25, 24),
(717, 1, 26, 24),
(718, 1, 27, 24),
(719, 1, 28, 24),
(720, 1, 29, 24),
(721, 1, 30, 24),
(722, 1, 1, 25),
(723, 1, 2, 25),
(724, 1, 3, 25),
(725, 0, 4, 25),
(726, 0, 5, 25),
(727, 1, 6, 25),
(728, 1, 7, 25),
(729, 0, 8, 25),
(730, 1, 9, 25),
(731, 1, 10, 25),
(732, 1, 11, 25),
(733, 0, 12, 25),
(734, 0, 13, 25),
(735, 1, 14, 25),
(736, 1, 15, 25),
(737, 1, 16, 25),
(738, 1, 17, 25),
(739, 1, 18, 25),
(740, 1, 19, 25),
(741, 1, 20, 25),
(742, 1, 21, 25),
(743, 1, 22, 25),
(744, 0, 23, 25),
(745, 1, 24, 25),
(746, 1, 25, 25),
(747, 1, 26, 25),
(748, 1, 27, 25),
(749, 1, 28, 25),
(750, 1, 29, 25),
(751, 1, 30, 25),
(752, 1, 1, 26),
(753, 0, 2, 26),
(754, 0, 3, 26),
(755, 1, 4, 26),
(756, 0, 5, 26),
(757, 0, 6, 26),
(758, 1, 7, 26),
(759, 1, 8, 26),
(760, 1, 9, 26),
(761, 0, 10, 26),
(762, 1, 11, 26),
(763, 1, 12, 26),
(764, 0, 13, 26),
(765, 1, 14, 26),
(766, 1, 15, 26),
(767, 1, 16, 26),
(768, 1, 17, 26),
(769, 1, 18, 26),
(770, 1, 19, 26),
(771, 1, 20, 26),
(772, 1, 21, 26),
(773, 0, 22, 26),
(774, 1, 23, 26),
(775, 1, 24, 26),
(776, 1, 25, 26),
(777, 0, 26, 26),
(778, 0, 27, 26),
(779, 1, 28, 26),
(780, 1, 29, 26),
(781, 1, 30, 26),
(782, 1, 1, 27),
(783, 0, 2, 27),
(784, 1, 3, 27),
(785, 1, 4, 27),
(786, 0, 5, 27),
(787, 1, 6, 27),
(788, 1, 7, 27),
(789, 1, 8, 27),
(790, 1, 9, 27),
(791, 1, 10, 27),
(792, 0, 11, 27),
(793, 1, 12, 27),
(794, 0, 13, 27),
(795, 1, 14, 27),
(796, 1, 15, 27),
(797, 0, 16, 27),
(798, 1, 17, 27),
(799, 1, 18, 27),
(800, 1, 19, 27),
(801, 0, 20, 27),
(802, 1, 21, 27),
(803, 1, 22, 27),
(804, 1, 23, 27),
(805, 1, 24, 27),
(806, 1, 25, 27),
(807, 1, 26, 27),
(808, 0, 27, 27),
(809, 0, 28, 27),
(810, 1, 29, 27),
(811, 1, 30, 27),
(812, 0, 1, 28),
(813, 1, 2, 28),
(814, 1, 3, 28),
(815, 1, 4, 28),
(816, 1, 5, 28),
(817, 0, 6, 28),
(818, 0, 7, 28),
(819, 1, 8, 28),
(820, 1, 9, 28),
(821, 1, 10, 28),
(822, 0, 11, 28),
(823, 1, 12, 28),
(824, 0, 13, 28),
(825, 0, 14, 28),
(826, 1, 15, 28),
(827, 0, 16, 28),
(828, 1, 17, 28),
(829, 0, 18, 28),
(830, 1, 19, 28),
(831, 0, 20, 28),
(832, 1, 21, 28),
(833, 1, 22, 28),
(834, 1, 23, 28),
(835, 0, 24, 28),
(836, 1, 25, 28),
(837, 1, 26, 28),
(838, 1, 27, 28),
(839, 1, 28, 28),
(840, 1, 29, 28),
(841, 1, 30, 28),
(842, 1, 1, 29),
(843, 1, 2, 29),
(844, 1, 3, 29),
(845, 1, 4, 29),
(846, 1, 5, 29),
(847, 1, 6, 29),
(848, 0, 7, 29),
(849, 1, 8, 29),
(850, 1, 9, 29),
(851, 1, 10, 29),
(852, 0, 11, 29),
(853, 1, 12, 29),
(854, 1, 13, 29),
(855, 0, 14, 29),
(856, 0, 15, 29),
(857, 1, 16, 29),
(858, 1, 17, 29),
(859, 1, 18, 29),
(860, 1, 19, 29),
(861, 0, 20, 29),
(862, 0, 21, 29),
(863, 1, 22, 29),
(864, 1, 23, 29),
(865, 1, 24, 29),
(866, 1, 25, 29),
(867, 1, 26, 29),
(868, 1, 27, 29),
(869, 1, 28, 29),
(870, 1, 29, 29),
(871, 0, 30, 29),
(872, 1, 1, 30),
(873, 1, 2, 30),
(874, 1, 3, 30),
(875, 0, 4, 30),
(876, 0, 5, 30),
(877, 0, 6, 30),
(878, 1, 7, 30),
(879, 1, 8, 30),
(880, 1, 9, 30),
(881, 0, 10, 30),
(882, 0, 11, 30),
(883, 1, 12, 30),
(884, 1, 13, 30),
(885, 1, 14, 30),
(886, 0, 15, 30),
(887, 0, 16, 30),
(888, 1, 17, 30),
(889, 1, 18, 30),
(890, 1, 19, 30),
(891, 1, 20, 30),
(892, 0, 21, 30),
(893, 1, 22, 30),
(894, 1, 23, 30),
(895, 0, 24, 30),
(896, 1, 25, 30),
(897, 0, 26, 30),
(898, 1, 27, 30),
(899, 1, 28, 30),
(900, 1, 29, 30),
(901, 1, 30, 30),
(902, 1, 1, 31),
(903, 0, 2, 31),
(904, 1, 3, 31),
(905, 1, 4, 31),
(906, 0, 5, 31),
(907, 1, 6, 31),
(908, 1, 7, 31),
(909, 0, 8, 31),
(910, 1, 9, 31),
(911, 1, 10, 31),
(912, 1, 11, 31),
(913, 1, 12, 31),
(914, 1, 13, 31),
(915, 0, 14, 31),
(916, 0, 15, 31),
(917, 1, 16, 31),
(918, 1, 17, 31),
(919, 1, 18, 31),
(920, 1, 19, 31),
(921, 1, 20, 31),
(922, 1, 21, 31),
(923, 1, 22, 31),
(924, 1, 23, 31),
(925, 0, 24, 31),
(926, 1, 25, 31),
(927, 1, 26, 31),
(928, 1, 27, 31),
(929, 1, 28, 31),
(930, 1, 29, 31),
(931, 1, 30, 31),
(932, 0, 1, 32),
(933, 1, 2, 32),
(934, 0, 3, 32),
(935, 1, 4, 32),
(936, 1, 5, 32),
(937, 1, 6, 32),
(938, 1, 7, 32),
(939, 1, 8, 32),
(940, 1, 9, 32),
(941, 1, 10, 32),
(942, 1, 11, 32),
(943, 0, 12, 32),
(944, 1, 13, 32),
(945, 0, 14, 32),
(946, 1, 15, 32),
(947, 1, 16, 32),
(948, 1, 17, 32),
(949, 1, 18, 32),
(950, 1, 19, 32),
(951, 1, 20, 32),
(952, 1, 21, 32),
(953, 0, 22, 32),
(954, 1, 23, 32),
(955, 0, 24, 32),
(956, 1, 25, 32),
(957, 1, 26, 32),
(958, 1, 27, 32),
(959, 1, 28, 32),
(960, 1, 29, 32),
(961, 1, 30, 32),
(962, 1, 1, 33),
(963, 1, 2, 33),
(964, 1, 3, 33),
(965, 1, 4, 33),
(966, 1, 5, 33),
(967, 0, 6, 33),
(968, 1, 7, 33),
(969, 0, 8, 33),
(970, 0, 9, 33),
(971, 1, 10, 33),
(972, 0, 11, 33),
(973, 1, 12, 33),
(974, 0, 13, 33),
(975, 1, 14, 33),
(976, 1, 15, 33),
(977, 1, 16, 33),
(978, 0, 17, 33),
(979, 1, 18, 33),
(980, 0, 19, 33),
(981, 0, 20, 33),
(982, 1, 21, 33),
(983, 0, 22, 33),
(984, 0, 23, 33),
(985, 0, 24, 33),
(986, 1, 25, 33),
(987, 0, 26, 33),
(988, 1, 27, 33),
(989, 1, 28, 33),
(990, 1, 29, 33),
(991, 1, 30, 33),
(992, 1, 1, 34),
(993, 1, 2, 34),
(994, 0, 3, 34),
(995, 0, 4, 34),
(996, 1, 5, 34),
(997, 1, 6, 34),
(998, 1, 7, 34),
(999, 0, 8, 34),
(1000, 1, 9, 34),
(1001, 0, 10, 34),
(1002, 1, 11, 34),
(1003, 1, 12, 34),
(1004, 0, 13, 34),
(1005, 0, 14, 34),
(1006, 1, 15, 34),
(1007, 1, 16, 34),
(1008, 1, 17, 34),
(1009, 0, 18, 34),
(1010, 1, 19, 34),
(1011, 1, 20, 34),
(1012, 1, 21, 34),
(1013, 0, 22, 34),
(1014, 1, 23, 34),
(1015, 1, 24, 34),
(1016, 1, 25, 34),
(1017, 1, 26, 34),
(1018, 0, 27, 34),
(1019, 1, 28, 34),
(1020, 1, 29, 34),
(1021, 1, 30, 34),
(1022, 1, 1, 35),
(1023, 1, 2, 35),
(1024, 1, 3, 35),
(1025, 1, 4, 35),
(1026, 0, 5, 35),
(1027, 1, 6, 35),
(1028, 1, 7, 35),
(1029, 1, 8, 35),
(1030, 0, 9, 35),
(1031, 0, 10, 35),
(1032, 1, 11, 35),
(1033, 1, 12, 35),
(1034, 1, 13, 35),
(1035, 0, 14, 35),
(1036, 1, 15, 35),
(1037, 1, 16, 35),
(1038, 1, 17, 35),
(1039, 1, 18, 35),
(1040, 0, 19, 35),
(1041, 1, 20, 35),
(1042, 1, 21, 35),
(1043, 1, 22, 35),
(1044, 1, 23, 35),
(1045, 1, 24, 35),
(1046, 0, 25, 35),
(1047, 1, 26, 35),
(1048, 1, 27, 35),
(1049, 1, 28, 35),
(1050, 1, 29, 35),
(1051, 0, 30, 35),
(1052, 1, 1, 36),
(1053, 1, 2, 36),
(1054, 0, 3, 36),
(1055, 1, 4, 36),
(1056, 1, 5, 36),
(1057, 0, 6, 36),
(1058, 1, 7, 36),
(1059, 0, 8, 36),
(1060, 1, 9, 36),
(1061, 1, 10, 36),
(1062, 1, 11, 36),
(1063, 1, 12, 36),
(1064, 1, 13, 36),
(1065, 1, 14, 36),
(1066, 1, 15, 36),
(1067, 0, 16, 36),
(1068, 1, 17, 36),
(1069, 1, 18, 36),
(1070, 1, 19, 36),
(1071, 1, 20, 36),
(1072, 1, 21, 36),
(1073, 1, 22, 36),
(1074, 1, 23, 36),
(1075, 1, 24, 36),
(1076, 0, 25, 36),
(1077, 1, 26, 36),
(1078, 1, 27, 36),
(1079, 1, 28, 36),
(1080, 0, 29, 36),
(1081, 1, 30, 36),
(1082, 0, 1, 37),
(1083, 0, 2, 37),
(1084, 1, 3, 37),
(1085, 1, 4, 37),
(1086, 0, 5, 37),
(1087, 1, 6, 37),
(1088, 1, 7, 37),
(1089, 1, 8, 37),
(1090, 1, 9, 37),
(1091, 1, 10, 37),
(1092, 0, 11, 37),
(1093, 1, 12, 37),
(1094, 1, 13, 37),
(1095, 1, 14, 37),
(1096, 1, 15, 37),
(1097, 1, 16, 37),
(1098, 1, 17, 37),
(1099, 1, 18, 37),
(1100, 1, 19, 37),
(1101, 0, 20, 37),
(1102, 1, 21, 37),
(1103, 1, 22, 37),
(1104, 1, 23, 37),
(1105, 1, 24, 37),
(1106, 1, 25, 37),
(1107, 0, 26, 37),
(1108, 1, 27, 37),
(1109, 0, 28, 37),
(1110, 1, 29, 37),
(1111, 1, 30, 37),
(1112, 1, 1, 38),
(1113, 1, 2, 38),
(1114, 1, 3, 38),
(1115, 1, 4, 38),
(1116, 1, 5, 38),
(1117, 1, 6, 38),
(1118, 1, 7, 38),
(1119, 1, 8, 38),
(1120, 1, 9, 38),
(1121, 1, 10, 38),
(1122, 0, 11, 38),
(1123, 1, 12, 38),
(1124, 0, 13, 38),
(1125, 1, 14, 38),
(1126, 1, 15, 38),
(1127, 1, 16, 38),
(1128, 0, 17, 38),
(1129, 1, 18, 38),
(1130, 1, 19, 38),
(1131, 1, 20, 38),
(1132, 1, 21, 38),
(1133, 1, 22, 38),
(1134, 1, 23, 38),
(1135, 1, 24, 38),
(1136, 0, 25, 38),
(1137, 0, 26, 38),
(1138, 1, 27, 38),
(1139, 0, 28, 38),
(1140, 1, 29, 38),
(1141, 1, 30, 38),
(1142, 1, 1, 39),
(1143, 1, 2, 39),
(1144, 1, 3, 39),
(1145, 1, 4, 39),
(1146, 1, 5, 39),
(1147, 0, 6, 39),
(1148, 1, 7, 39),
(1149, 0, 8, 39),
(1150, 1, 9, 39),
(1151, 0, 10, 39),
(1152, 0, 11, 39),
(1153, 0, 12, 39),
(1154, 0, 13, 39),
(1155, 1, 14, 39),
(1156, 1, 15, 39),
(1157, 1, 16, 39),
(1158, 0, 17, 39),
(1159, 0, 18, 39),
(1160, 1, 19, 39),
(1161, 1, 20, 39),
(1162, 1, 21, 39),
(1163, 1, 22, 39),
(1164, 1, 23, 39),
(1165, 1, 24, 39),
(1166, 0, 25, 39),
(1167, 1, 26, 39),
(1168, 1, 27, 39),
(1169, 1, 28, 39),
(1170, 1, 29, 39),
(1171, 1, 30, 39),
(1172, 1, 1, 40),
(1173, 1, 2, 40),
(1174, 1, 3, 40),
(1175, 1, 4, 40),
(1176, 1, 5, 40),
(1177, 1, 6, 40),
(1178, 0, 7, 40),
(1179, 1, 8, 40),
(1180, 1, 9, 40),
(1181, 1, 10, 40),
(1182, 1, 11, 40),
(1183, 1, 12, 40),
(1184, 1, 13, 40),
(1185, 1, 14, 40),
(1186, 1, 15, 40),
(1187, 1, 16, 40),
(1188, 1, 17, 40),
(1189, 1, 18, 40),
(1190, 0, 19, 40),
(1191, 1, 20, 40),
(1192, 1, 21, 40),
(1193, 1, 22, 40),
(1194, 1, 23, 40),
(1195, 1, 24, 40),
(1196, 1, 25, 40),
(1197, 1, 26, 40),
(1198, 1, 27, 40),
(1199, 1, 28, 40),
(1200, 1, 29, 40),
(1201, 1, 30, 40),
(1202, 1, 1, 41),
(1203, 1, 2, 41),
(1204, 1, 3, 41),
(1205, 1, 4, 41),
(1206, 1, 5, 41),
(1207, 1, 6, 41),
(1208, 1, 7, 41),
(1209, 1, 8, 41),
(1210, 1, 9, 41),
(1211, 1, 10, 41),
(1212, 0, 11, 41),
(1213, 0, 12, 41),
(1214, 1, 13, 41),
(1215, 0, 14, 41),
(1216, 1, 15, 41),
(1217, 1, 16, 41),
(1218, 0, 17, 41),
(1219, 0, 18, 41),
(1220, 1, 19, 41),
(1221, 1, 20, 41),
(1222, 1, 21, 41),
(1223, 1, 22, 41),
(1224, 1, 23, 41),
(1225, 1, 24, 41),
(1226, 1, 25, 41),
(1227, 0, 26, 41),
(1228, 1, 27, 41),
(1229, 0, 28, 41),
(1230, 0, 29, 41),
(1231, 1, 30, 41),
(1232, 0, 1, 42),
(1233, 1, 2, 42),
(1234, 1, 3, 42),
(1235, 1, 4, 42),
(1236, 1, 5, 42),
(1237, 1, 6, 42),
(1238, 1, 7, 42),
(1239, 1, 8, 42),
(1240, 1, 9, 42),
(1241, 1, 10, 42),
(1242, 1, 11, 42),
(1243, 1, 12, 42),
(1244, 0, 13, 42),
(1245, 1, 14, 42),
(1246, 1, 15, 42),
(1247, 0, 16, 42),
(1248, 0, 17, 42),
(1249, 1, 18, 42),
(1250, 1, 19, 42),
(1251, 1, 20, 42),
(1252, 1, 21, 42),
(1253, 0, 22, 42),
(1254, 1, 23, 42),
(1255, 1, 24, 42),
(1256, 0, 25, 42),
(1257, 1, 26, 42),
(1258, 0, 27, 42),
(1259, 0, 28, 42),
(1260, 1, 29, 42),
(1261, 0, 30, 42),
(1262, 1, 1, 43),
(1263, 1, 2, 43),
(1264, 1, 3, 43),
(1265, 0, 4, 43),
(1266, 1, 5, 43),
(1267, 1, 6, 43),
(1268, 1, 7, 43),
(1269, 1, 8, 43),
(1270, 1, 9, 43),
(1271, 1, 10, 43),
(1272, 1, 11, 43),
(1273, 1, 12, 43),
(1274, 1, 13, 43),
(1275, 1, 14, 43),
(1276, 1, 15, 43),
(1277, 0, 16, 43),
(1278, 1, 17, 43),
(1279, 0, 18, 43),
(1280, 0, 19, 43),
(1281, 1, 20, 43),
(1282, 1, 21, 43),
(1283, 1, 22, 43),
(1284, 1, 23, 43),
(1285, 0, 24, 43),
(1286, 0, 25, 43),
(1287, 1, 26, 43),
(1288, 0, 27, 43),
(1289, 1, 28, 43),
(1290, 1, 29, 43),
(1291, 1, 30, 43),
(1292, 1, 1, 44),
(1293, 1, 2, 44),
(1294, 1, 3, 44),
(1295, 0, 4, 44),
(1296, 1, 5, 44),
(1297, 1, 6, 44),
(1298, 1, 7, 44),
(1299, 1, 8, 44),
(1300, 1, 9, 44),
(1301, 1, 10, 44),
(1302, 1, 11, 44),
(1303, 1, 12, 44),
(1304, 1, 13, 44),
(1305, 1, 14, 44),
(1306, 1, 15, 44),
(1307, 1, 16, 44),
(1308, 1, 17, 44),
(1309, 1, 18, 44),
(1310, 0, 19, 44),
(1311, 1, 20, 44),
(1312, 1, 21, 44),
(1313, 1, 22, 44),
(1314, 1, 23, 44),
(1315, 1, 24, 44),
(1316, 1, 25, 44),
(1317, 1, 26, 44),
(1318, 0, 27, 44),
(1319, 0, 28, 44),
(1320, 1, 29, 44),
(1321, 1, 30, 44),
(1322, 1, 1, 45),
(1323, 1, 2, 45),
(1324, 0, 3, 45),
(1325, 1, 4, 45),
(1326, 1, 5, 45),
(1327, 1, 6, 45),
(1328, 0, 7, 45),
(1329, 1, 8, 45),
(1330, 1, 9, 45),
(1331, 0, 10, 45),
(1332, 0, 11, 45),
(1333, 1, 12, 45),
(1334, 0, 13, 45),
(1335, 1, 14, 45),
(1336, 1, 15, 45),
(1337, 1, 16, 45),
(1338, 1, 17, 45),
(1339, 1, 18, 45),
(1340, 1, 19, 45),
(1341, 1, 20, 45),
(1342, 1, 21, 45),
(1343, 1, 22, 45),
(1344, 0, 23, 45),
(1345, 1, 24, 45),
(1346, 1, 25, 45),
(1347, 1, 26, 45),
(1348, 1, 27, 45),
(1349, 0, 28, 45),
(1350, 1, 29, 45),
(1351, 0, 30, 45),
(1352, 0, 1, 46),
(1353, 0, 2, 46),
(1354, 1, 3, 46),
(1355, 1, 4, 46),
(1356, 0, 5, 46),
(1357, 1, 6, 46),
(1358, 1, 7, 46),
(1359, 1, 8, 46),
(1360, 0, 9, 46),
(1361, 0, 10, 46),
(1362, 0, 11, 46),
(1363, 1, 12, 46),
(1364, 1, 13, 46),
(1365, 1, 14, 46),
(1366, 1, 15, 46),
(1367, 1, 16, 46),
(1368, 1, 17, 46),
(1369, 1, 18, 46),
(1370, 1, 19, 46),
(1371, 1, 20, 46),
(1372, 1, 21, 46),
(1373, 1, 22, 46),
(1374, 0, 23, 46),
(1375, 1, 24, 46),
(1376, 0, 25, 46),
(1377, 1, 26, 46),
(1378, 0, 27, 46),
(1379, 0, 28, 46),
(1380, 1, 29, 46),
(1381, 1, 30, 46),
(1382, 1, 1, 47),
(1383, 1, 2, 47),
(1384, 0, 3, 47),
(1385, 0, 4, 47),
(1386, 0, 5, 47),
(1387, 1, 6, 47),
(1388, 1, 7, 47),
(1389, 1, 8, 47),
(1390, 0, 9, 47),
(1391, 1, 10, 47),
(1392, 1, 11, 47),
(1393, 0, 12, 47),
(1394, 0, 13, 47),
(1395, 1, 14, 47),
(1396, 0, 15, 47),
(1397, 1, 16, 47),
(1398, 0, 17, 47),
(1399, 1, 18, 47),
(1400, 1, 19, 47),
(1401, 0, 20, 47),
(1402, 1, 21, 47),
(1403, 1, 22, 47),
(1404, 1, 23, 47),
(1405, 1, 24, 47),
(1406, 1, 25, 47),
(1407, 1, 26, 47),
(1408, 1, 27, 47),
(1409, 0, 28, 47),
(1410, 1, 29, 47),
(1411, 1, 30, 47),
(1412, 0, 1, 48),
(1413, 0, 2, 48),
(1414, 1, 3, 48),
(1415, 0, 4, 48),
(1416, 1, 5, 48),
(1417, 1, 6, 48),
(1418, 0, 7, 48),
(1419, 1, 8, 48),
(1420, 1, 9, 48),
(1421, 1, 10, 48),
(1422, 1, 11, 48),
(1423, 1, 12, 48),
(1424, 1, 13, 48),
(1425, 1, 14, 48),
(1426, 0, 15, 48),
(1427, 1, 16, 48),
(1428, 1, 17, 48),
(1429, 1, 18, 48),
(1430, 1, 19, 48),
(1431, 1, 20, 48),
(1432, 1, 21, 48),
(1433, 1, 22, 48),
(1434, 1, 23, 48),
(1435, 0, 24, 48),
(1436, 1, 25, 48),
(1437, 1, 26, 48),
(1438, 0, 27, 48),
(1439, 1, 28, 48),
(1440, 1, 29, 48),
(1441, 1, 30, 48),
(1442, 1, 1, 49),
(1443, 1, 2, 49),
(1444, 1, 3, 49),
(1445, 1, 4, 49),
(1446, 1, 5, 49),
(1447, 1, 6, 49),
(1448, 1, 7, 49),
(1449, 1, 8, 49),
(1450, 0, 9, 49),
(1451, 1, 10, 49),
(1452, 1, 11, 49),
(1453, 1, 12, 49),
(1454, 0, 13, 49),
(1455, 1, 14, 49),
(1456, 1, 15, 49),
(1457, 1, 16, 49),
(1458, 1, 17, 49),
(1459, 0, 18, 49),
(1460, 1, 19, 49),
(1461, 1, 20, 49),
(1462, 0, 21, 49),
(1463, 1, 22, 49),
(1464, 1, 23, 49),
(1465, 1, 24, 49),
(1466, 0, 25, 49),
(1467, 1, 26, 49),
(1468, 1, 27, 49),
(1469, 1, 28, 49),
(1470, 1, 29, 49),
(1471, 0, 30, 49),
(1472, 1, 1, 50),
(1473, 0, 2, 50),
(1474, 1, 3, 50),
(1475, 1, 4, 50),
(1476, 1, 5, 50),
(1477, 0, 6, 50),
(1478, 1, 7, 50),
(1479, 0, 8, 50),
(1480, 1, 9, 50),
(1481, 1, 10, 50),
(1482, 1, 11, 50),
(1483, 1, 12, 50),
(1484, 1, 13, 50),
(1485, 0, 14, 50),
(1486, 1, 15, 50),
(1487, 0, 16, 50),
(1488, 1, 17, 50),
(1489, 1, 18, 50),
(1490, 0, 19, 50),
(1491, 1, 20, 50),
(1492, 1, 21, 50),
(1493, 0, 22, 50),
(1494, 0, 23, 50),
(1495, 1, 24, 50),
(1496, 1, 25, 50),
(1497, 1, 26, 50),
(1498, 0, 27, 50),
(1499, 1, 28, 50),
(1500, 0, 29, 50),
(1501, 1, 30, 50),
(1502, 0, 1, 51),
(1503, 1, 2, 51),
(1504, 1, 3, 51),
(1505, 0, 4, 51),
(1506, 1, 5, 51),
(1507, 0, 6, 51),
(1508, 1, 7, 51),
(1509, 1, 8, 51),
(1510, 1, 9, 51),
(1511, 0, 10, 51),
(1512, 1, 11, 51),
(1513, 1, 12, 51),
(1514, 1, 13, 51),
(1515, 1, 14, 51),
(1516, 1, 15, 51),
(1517, 1, 16, 51),
(1518, 1, 17, 51),
(1519, 1, 18, 51),
(1520, 1, 19, 51),
(1521, 1, 20, 51),
(1522, 0, 21, 51),
(1523, 1, 22, 51),
(1524, 0, 23, 51),
(1525, 1, 24, 51),
(1526, 0, 25, 51),
(1527, 0, 26, 51),
(1528, 1, 27, 51),
(1529, 1, 28, 51),
(1530, 1, 29, 51),
(1531, 0, 30, 51),
(1532, 1, 1, 52),
(1533, 0, 2, 52),
(1534, 1, 3, 52),
(1535, 1, 4, 52),
(1536, 0, 5, 52),
(1537, 1, 6, 52),
(1538, 1, 7, 52),
(1539, 0, 8, 52),
(1540, 1, 9, 52),
(1541, 1, 10, 52),
(1542, 1, 11, 52),
(1543, 1, 12, 52),
(1544, 1, 13, 52),
(1545, 0, 14, 52),
(1546, 1, 15, 52),
(1547, 0, 16, 52),
(1548, 1, 17, 52),
(1549, 1, 18, 52),
(1550, 1, 19, 52),
(1551, 1, 20, 52),
(1552, 1, 21, 52),
(1553, 1, 22, 52),
(1554, 1, 23, 52),
(1555, 1, 24, 52),
(1556, 1, 25, 52),
(1557, 1, 26, 52),
(1558, 1, 27, 52),
(1559, 1, 28, 52),
(1560, 1, 29, 52),
(1561, 0, 30, 52),
(1562, 1, 1, 53),
(1563, 0, 2, 53),
(1564, 1, 3, 53),
(1565, 1, 4, 53),
(1566, 0, 5, 53),
(1567, 1, 6, 53),
(1568, 0, 7, 53),
(1569, 1, 8, 53),
(1570, 1, 9, 53),
(1571, 1, 10, 53),
(1572, 0, 11, 53),
(1573, 1, 12, 53),
(1574, 1, 13, 53),
(1575, 1, 14, 53),
(1576, 1, 15, 53),
(1577, 0, 16, 53),
(1578, 0, 17, 53),
(1579, 1, 18, 53),
(1580, 0, 19, 53),
(1581, 1, 20, 53),
(1582, 0, 21, 53),
(1583, 1, 22, 53),
(1584, 1, 23, 53),
(1585, 1, 24, 53),
(1586, 1, 25, 53),
(1587, 0, 26, 53),
(1588, 1, 27, 53),
(1589, 1, 28, 53),
(1590, 1, 29, 53),
(1591, 0, 30, 53),
(1592, 1, 1, 54),
(1593, 1, 2, 54),
(1594, 1, 3, 54),
(1595, 1, 4, 54),
(1596, 0, 5, 54),
(1597, 1, 6, 54),
(1598, 1, 7, 54),
(1599, 0, 8, 54),
(1600, 0, 9, 54),
(1601, 1, 10, 54),
(1602, 0, 11, 54),
(1603, 1, 12, 54),
(1604, 1, 13, 54),
(1605, 1, 14, 54),
(1606, 1, 15, 54),
(1607, 0, 16, 54),
(1608, 0, 17, 54),
(1609, 1, 18, 54),
(1610, 1, 19, 54),
(1611, 0, 20, 54),
(1612, 1, 21, 54),
(1613, 0, 22, 54),
(1614, 1, 23, 54),
(1615, 1, 24, 54),
(1616, 1, 25, 54),
(1617, 1, 26, 54),
(1618, 1, 27, 54),
(1619, 1, 28, 54),
(1620, 1, 29, 54),
(1621, 0, 30, 54),
(1622, 0, 1, 55),
(1623, 0, 2, 55),
(1624, 1, 3, 55),
(1625, 1, 4, 55),
(1626, 1, 5, 55),
(1627, 1, 6, 55),
(1628, 1, 7, 55),
(1629, 1, 8, 55),
(1630, 1, 9, 55),
(1631, 1, 10, 55),
(1632, 0, 11, 55),
(1633, 1, 12, 55),
(1634, 1, 13, 55),
(1635, 1, 14, 55),
(1636, 1, 15, 55),
(1637, 0, 16, 55),
(1638, 1, 17, 55),
(1639, 0, 18, 55),
(1640, 1, 19, 55),
(1641, 1, 20, 55),
(1642, 1, 21, 55),
(1643, 1, 22, 55),
(1644, 1, 23, 55),
(1645, 0, 24, 55),
(1646, 1, 25, 55),
(1647, 1, 26, 55),
(1648, 1, 27, 55),
(1649, 1, 28, 55),
(1650, 1, 29, 55),
(1651, 0, 30, 55),
(1652, 1, 1, 56),
(1653, 0, 2, 56),
(1654, 1, 3, 56),
(1655, 1, 4, 56),
(1656, 1, 5, 56),
(1657, 1, 6, 56),
(1658, 1, 7, 56),
(1659, 1, 8, 56),
(1660, 1, 9, 56),
(1661, 1, 10, 56),
(1662, 1, 11, 56),
(1663, 1, 12, 56),
(1664, 1, 13, 56),
(1665, 0, 14, 56),
(1666, 0, 15, 56),
(1667, 1, 16, 56),
(1668, 1, 17, 56),
(1669, 1, 18, 56),
(1670, 1, 19, 56),
(1671, 1, 20, 56),
(1672, 1, 21, 56),
(1673, 1, 22, 56),
(1674, 1, 23, 56),
(1675, 1, 24, 56),
(1676, 1, 25, 56),
(1677, 1, 26, 56),
(1678, 1, 27, 56),
(1679, 0, 28, 56),
(1680, 1, 29, 56),
(1681, 1, 30, 56),
(1682, 1, 1, 57),
(1683, 1, 2, 57),
(1684, 0, 3, 57),
(1685, 1, 4, 57),
(1686, 1, 5, 57),
(1687, 1, 6, 57),
(1688, 1, 7, 57),
(1689, 1, 8, 57),
(1690, 0, 9, 57),
(1691, 1, 10, 57),
(1692, 0, 11, 57),
(1693, 1, 12, 57),
(1694, 1, 13, 57),
(1695, 1, 14, 57),
(1696, 1, 15, 57),
(1697, 0, 16, 57),
(1698, 1, 17, 57),
(1699, 1, 18, 57),
(1700, 1, 19, 57),
(1701, 0, 20, 57),
(1702, 1, 21, 57),
(1703, 0, 22, 57),
(1704, 1, 23, 57),
(1705, 0, 24, 57),
(1706, 1, 25, 57),
(1707, 1, 26, 57),
(1708, 1, 27, 57),
(1709, 1, 28, 57),
(1710, 1, 29, 57),
(1711, 1, 30, 57),
(1712, 1, 1, 58),
(1713, 0, 2, 58),
(1714, 1, 3, 58),
(1715, 0, 4, 58),
(1716, 1, 5, 58),
(1717, 1, 6, 58),
(1718, 0, 7, 58),
(1719, 1, 8, 58),
(1720, 0, 9, 58),
(1721, 1, 10, 58),
(1722, 0, 11, 58),
(1723, 0, 12, 58),
(1724, 1, 13, 58),
(1725, 1, 14, 58),
(1726, 1, 15, 58),
(1727, 1, 16, 58),
(1728, 1, 17, 58),
(1729, 1, 18, 58),
(1730, 1, 19, 58),
(1731, 1, 20, 58),
(1732, 1, 21, 58),
(1733, 1, 22, 58),
(1734, 1, 23, 58),
(1735, 1, 24, 58),
(1736, 1, 25, 58),
(1737, 0, 26, 58),
(1738, 1, 27, 58),
(1739, 1, 28, 58),
(1740, 1, 29, 58),
(1741, 0, 30, 58),
(1742, 1, 1, 59),
(1743, 1, 2, 59),
(1744, 1, 3, 59),
(1745, 0, 4, 59),
(1746, 1, 5, 59),
(1747, 1, 6, 59),
(1748, 0, 7, 59),
(1749, 1, 8, 59),
(1750, 0, 9, 59),
(1751, 1, 10, 59),
(1752, 1, 11, 59),
(1753, 1, 12, 59),
(1754, 1, 13, 59),
(1755, 0, 14, 59),
(1756, 0, 15, 59),
(1757, 0, 16, 59),
(1758, 1, 17, 59),
(1759, 1, 18, 59),
(1760, 1, 19, 59),
(1761, 1, 20, 59),
(1762, 1, 21, 59),
(1763, 1, 22, 59),
(1764, 0, 23, 59),
(1765, 1, 24, 59),
(1766, 1, 25, 59),
(1767, 1, 26, 59),
(1768, 0, 27, 59),
(1769, 1, 28, 59),
(1770, 1, 29, 59),
(1771, 1, 30, 59),
(1772, 1, 1, 60),
(1773, 1, 2, 60),
(1774, 1, 3, 60),
(1775, 0, 4, 60),
(1776, 0, 5, 60),
(1777, 0, 6, 60),
(1778, 1, 7, 60),
(1779, 1, 8, 60),
(1780, 1, 9, 60),
(1781, 1, 10, 60),
(1782, 1, 11, 60),
(1783, 1, 12, 60),
(1784, 1, 13, 60),
(1785, 1, 14, 60),
(1786, 1, 15, 60),
(1787, 0, 16, 60),
(1788, 1, 17, 60),
(1789, 1, 18, 60),
(1790, 0, 19, 60),
(1791, 1, 20, 60),
(1792, 1, 21, 60),
(1793, 1, 22, 60),
(1794, 1, 23, 60),
(1795, 1, 24, 60),
(1796, 1, 25, 60),
(1797, 1, 26, 60),
(1798, 1, 27, 60),
(1799, 0, 28, 60),
(1800, 1, 29, 60),
(1801, 1, 30, 60);

-- --------------------------------------------------------

--
-- Structure de la table `salle`
--

CREATE TABLE `salle` (
  `id_salle` int(20) NOT NULL,
  `numero` int(10) NOT NULL
) ENGINE=InnoDB DEFAULT CHARSET=utf8mb4 COLLATE=utf8mb4_general_ci;

--
-- Déchargement des données de la table `salle`
--

INSERT INTO `salle` (`id_salle`, `numero`) VALUES
(1, 1),
(2, 2),
(3, 3),
(4, 4),
(5, 5),
(6, 6),
(7, 7),
(8, 8),
(9, 9),
(10, 10);

-- --------------------------------------------------------

--
-- Structure de la table `user`
--

CREATE TABLE `user` (
  `id_user` int(20) NOT NULL,
  `username` varchar(50) NOT NULL,
  `role` enum('apprenant','formateur','admin','') NOT NULL,
  `mot_de_passe` varchar(255) NOT NULL
) ENGINE=InnoDB DEFAULT CHARSET=utf8mb4 COLLATE=utf8mb4_general_ci;

--
-- Déchargement des données de la table `user`
--

INSERT INTO `user` (`id_user`, `username`, `role`, `mot_de_passe`) VALUES
(1, 'anaismartins', 'admin', '$2b$10$/qGak/WZSyYF86SLn7i.5OFbRSWLTYjg3HCQQk1KgkUS2eMs.XTTq'),
(2, 'camilledupont', 'apprenant', '$2b$10$kdwzRsHbuozqBDPDmsH59eYJnSuCLwYHLEXG6GeYE/cQRtVxogz/u'),
(3, 'ninakowalski', 'apprenant', '$2b$10$UPG65pX5Za9gyVMmvba0C.vGxKvDv/wW3wozm6YFzYkyjZhjmZZD.'),
(4, 'merylstreep', 'formateur', '$2b$10$crXBMsBMPDQ2xRfzMK4jXez8a3db1rB7.1zOl9buvNMfk9dtuva82'),
(5, 'sarahnasplezes', 'apprenant', '$2b$10$qRrX7RqvQYaKQC2tIHRISu7ewdddZzq4pT0KudJvWXtFSFbVFgOVm'),
(6, 'sofiafernandes', 'apprenant', '$2b$10$tPruL8p85HKN83clRlr14OKNRr8cOkqUzy9XMM0I1plshJnx4Z3hG'),
(7, 'yanistoumi', 'apprenant', '$2b$10$V6YHNjLGOVK/F7hbZSJvhOAZw.Nzyih2quwBF3JpSpF14Ax3BnoDi'),
(8, 'chloemoreau', 'apprenant', '$2b$10$UOieeNnmqeqcI1jzkz8x4Ozy.1pbPLyT6DvtMWx7CWh3BRRbdb2z2'),
(9, 'claranguyen', 'apprenant', '$2b$10$Dcgr15F9pwQs8WIwbHRXj.Y7hLs0vhaZyS1CU2XmXw0yIFSJFIxOC'),
(10, 'helenerobert', 'apprenant', '$2b$10$TN7eGoWj3rDX56AxfcEFnuS0..Aqa4vpmrU8qTk3fQ5/Q7G/sPov6'),
(11, 'samuelokafor', 'apprenant', '$2b$10$lQewpiWEE6.5HltF2Ugp1eNxAze6z9kEjeRkHN80F2Jm4O.D19zEa'),
(12, 'dianeperrier', 'apprenant', '$2b$10$FbbOzEBkTJ1hvig/aSflmeab7IuFeEl06tnKjXYNmW9MkNBeRHjya'),
(13, 'noahdiallo', 'apprenant', '$2b$10$opjCNPk1GE0MjM8LypYMqu1zUOmXnvqvRkGQnj.wBmh/KzQkrYIL6'),
(14, 'tomgibily', 'apprenant', '$2b$10$kbcbksh9BXEf4WkkaI/UlO1hz/Ahr55PhHNdDec3dYtv3GxYV9/ye'),
(15, 'sorayabensaid', 'apprenant', '$2b$10$3j3UFq5Ve9DKdAnTIipZGuEPrEOLaNsU3rGW7U6IHG93bd6brSv86'),
(16, 'julienrousseau', 'apprenant', '$2b$10$ygNqSDnlisTpqCLxiXN1Y.CYogMg0bq.JiN3yVZNu/MB/jtr6P79a'),
(17, 'hugoschmitt', 'apprenant', '$2b$10$o/o9pfvvrJdkC.OX48lgd.tYY.Ry1LOigNjsfwHCWdJxhiS5hYUwa'),
(18, 'florencepugh', 'formateur', '$2b$10$5z.pwLv8hyKGCFyiBuQXj.x91CNpWFKCQjuhXJEyf644BKc7DdHtO'),
(19, 'wesanderson', 'formateur', '$2b$10$DpB8LAOa186ZXR/Qlh0VFu1KShvPkd2/vdNk7EMCiHWNPXgAuo5C2'),
(20, 'xavierdolan', 'formateur', '$2b$10$kuqxNbxLgi.4DaNGQ9kecuVp9/oVmhW/NXZU4xhE17A9I1697LhiW'),
(21, 'christophernolan', 'formateur', '$2b$10$QZCh1uTw/XGN2kIMYkfkX.OlpLS7fQz3k41iq.VHJVtnWoVV7XeHW'),
(22, 'martinscorsese', 'formateur', '$2b$10$4hiuhoZj2nyV48Mwi9XYHuRA3mAE9z9swKhdcWDabcA3ztaNdh0Yy');

--
-- Index pour les tables déchargées
--

--
-- Index pour la table `apprenant`
--
ALTER TABLE `apprenant`
  ADD PRIMARY KEY (`id_apprenant`);

--
-- Index pour la table `avis`
--
ALTER TABLE `avis`
  ADD PRIMARY KEY (`id_avis`),
  ADD KEY `id_formation` (`id_formation`),
  ADD KEY `id_apprenant` (`id_apprenant`);

--
-- Index pour la table `cours`
--
ALTER TABLE `cours`
  ADD PRIMARY KEY (`id_cours`),
  ADD KEY `id_matiere` (`id_matiere`);

--
-- Index pour la table `cours_salle`
--
ALTER TABLE `cours_salle`
  ADD PRIMARY KEY (`id_courssalle`),
  ADD KEY `id_cours` (`id_cours`),
  ADD KEY `id_salle` (`id_salle`);

--
-- Index pour la table `formateur`
--
ALTER TABLE `formateur`
  ADD PRIMARY KEY (`id_formateur`);

--
-- Index pour la table `formateur_matiere`
--
ALTER TABLE `formateur_matiere`
  ADD PRIMARY KEY (`id_formateurmatiere`),
  ADD KEY `id_formateur` (`id_formateur`),
  ADD KEY `id_matiere` (`id_matiere`);

--
-- Index pour la table `formation`
--
ALTER TABLE `formation`
  ADD PRIMARY KEY (`id_formation`);

--
-- Index pour la table `formation_matiere`
--
ALTER TABLE `formation_matiere`
  ADD PRIMARY KEY (`id_formationmatiere`),
  ADD KEY `id_formation` (`id_formation`),
  ADD KEY `id_matiere` (`id_matiere`);

--
-- Index pour la table `inscription`
--
ALTER TABLE `inscription`
  ADD PRIMARY KEY (`id_inscription`),
  ADD KEY `id_formation` (`id_formation`),
  ADD KEY `id_apprenant` (`id_apprenant`);

--
-- Index pour la table `matiere`
--
ALTER TABLE `matiere`
  ADD PRIMARY KEY (`id_matiere`);

--
-- Index pour la table `note`
--
ALTER TABLE `note`
  ADD PRIMARY KEY (`id_note`);

--
-- Index pour la table `presence`
--
ALTER TABLE `presence`
  ADD PRIMARY KEY (`id_presence`);

--
-- Index pour la table `salle`
--
ALTER TABLE `salle`
  ADD PRIMARY KEY (`id_salle`);

--
-- Index pour la table `user`
--
ALTER TABLE `user`
  ADD PRIMARY KEY (`id_user`);

--
-- AUTO_INCREMENT pour les tables déchargées
--

--
-- AUTO_INCREMENT pour la table `apprenant`
--
ALTER TABLE `apprenant`
  MODIFY `id_apprenant` int(20) NOT NULL AUTO_INCREMENT, AUTO_INCREMENT=33;

--
-- AUTO_INCREMENT pour la table `avis`
--
ALTER TABLE `avis`
  MODIFY `id_avis` int(20) NOT NULL AUTO_INCREMENT, AUTO_INCREMENT=11;

--
-- AUTO_INCREMENT pour la table `cours`
--
ALTER TABLE `cours`
  MODIFY `id_cours` int(20) NOT NULL AUTO_INCREMENT, AUTO_INCREMENT=63;

--
-- AUTO_INCREMENT pour la table `cours_salle`
--
ALTER TABLE `cours_salle`
  MODIFY `id_courssalle` int(20) NOT NULL AUTO_INCREMENT, AUTO_INCREMENT=63;

--
-- AUTO_INCREMENT pour la table `formateur`
--
ALTER TABLE `formateur`
  MODIFY `id_formateur` int(20) NOT NULL AUTO_INCREMENT, AUTO_INCREMENT=18;

--
-- AUTO_INCREMENT pour la table `formateur_matiere`
--
ALTER TABLE `formateur_matiere`
  MODIFY `id_formateurmatiere` int(20) NOT NULL AUTO_INCREMENT, AUTO_INCREMENT=16;

--
-- AUTO_INCREMENT pour la table `formation`
--
ALTER TABLE `formation`
  MODIFY `id_formation` int(20) NOT NULL AUTO_INCREMENT, AUTO_INCREMENT=5;

--
-- AUTO_INCREMENT pour la table `formation_matiere`
--
ALTER TABLE `formation_matiere`
  MODIFY `id_formationmatiere` int(20) NOT NULL AUTO_INCREMENT, AUTO_INCREMENT=17;

--
-- AUTO_INCREMENT pour la table `inscription`
--
ALTER TABLE `inscription`
  MODIFY `id_inscription` int(20) NOT NULL AUTO_INCREMENT, AUTO_INCREMENT=31;

--
-- AUTO_INCREMENT pour la table `matiere`
--
ALTER TABLE `matiere`
  MODIFY `id_matiere` int(20) NOT NULL AUTO_INCREMENT, AUTO_INCREMENT=18;

--
-- AUTO_INCREMENT pour la table `note`
--
ALTER TABLE `note`
  MODIFY `id_note` int(20) NOT NULL AUTO_INCREMENT, AUTO_INCREMENT=603;

--
-- AUTO_INCREMENT pour la table `presence`
--
ALTER TABLE `presence`
  MODIFY `id_presence` int(20) NOT NULL AUTO_INCREMENT, AUTO_INCREMENT=1802;

--
-- AUTO_INCREMENT pour la table `salle`
--
ALTER TABLE `salle`
  MODIFY `id_salle` int(20) NOT NULL AUTO_INCREMENT, AUTO_INCREMENT=11;

--
-- AUTO_INCREMENT pour la table `user`
--
ALTER TABLE `user`
  MODIFY `id_user` int(20) NOT NULL AUTO_INCREMENT, AUTO_INCREMENT=23;
COMMIT;

/*!40101 SET CHARACTER_SET_CLIENT=@OLD_CHARACTER_SET_CLIENT */;
/*!40101 SET CHARACTER_SET_RESULTS=@OLD_CHARACTER_SET_RESULTS */;
/*!40101 SET COLLATION_CONNECTION=@OLD_COLLATION_CONNECTION */;
